台南市,餐飲,廚房有雞-中華總店,持員工證或VIP會員卡享9折(套餐及特殊節日除外),2017/12/19 0:00,06-2882656,台南市東區中華東路三段199號
台南市,餐飲,廚房有雞-文平分店,持員工證或VIP會員卡享9折(套餐及特殊節日除外),2017/12/20 0:00,06-2931010,台南市安平區文平路249號
台南市,租車,武吉重車,持員工證或VIP會員卡租車、店內商品95折(假日除外),2017/12/21 0:00,06-3552088,台南市安南區北安路四段103號-8
花蓮縣,食品行,豐興餅舖-本舖,購買自製品滿500元享95折【持會員卡或員工證】  (不適用於特價品、非自製品與中秋期間106/9/5~10/4，且不可併用其他優惠),2017/12/22 0:00,038-330686,花蓮縣花蓮市中華路296-2號
花蓮縣,食品行,豐興餅舖-中華店,購買自製品滿500元享95折【持會員卡或員工證】  (不適用於特價品、非自製品與中秋期間106/9/5~10/4，且不可併用其他優惠),2017/12/23 0:00,038-352606,花蓮縣花蓮市中華路107號
花蓮縣,食品行,豐興餅舖-站前店,購買自製品滿500元享95折【持會員卡或員工證】  (不適用於特價品、非自製品與中秋期間106/9/5~10/4，且不可併用其他優惠),2017/12/24 0:00,038-329455,花蓮縣花蓮市國聯一路57號
花蓮縣,糕點,麵包叔叔烘焙屋-三民店,購買自製品享9折【持會員卡或員工證】  (不適用於特價品、非自製品與中秋期間106/9/5~10/4，且不可併用其他優惠),2017/12/25 0:00,038-310985,花蓮縣花蓮市三民街46號
台北市,飯店旅館民宿,台北尚印時租旅館,房價9折(特殊節慶除外),2017/12/26 0:00,02-25682270,台北市中山區中山北路二段71號8樓
桃園市,飯店旅館民宿,iHotel時租旅館,房價9折(特殊節慶除外),2017/12/27 0:00,03-3373131,桃園市桃園區中正路56號8樓
桃園市,飯店旅館民宿,168桃園館,房價9折(特殊節慶除外),2017/12/28 0:00,03-317-8800,桃園市桃園區天祥七街25號
桃園市,飯店旅館民宿,168綠的館,房價9折(特殊節慶除外),2017/12/29 0:00,03-3012626,桃園市桃園區寶慶路18號
桃園市,飯店旅館民宿,168中壢館,房價9折(特殊節慶除外),2017/12/30 0:00,03-4945533,桃園市中壢區正光街191號
桃園市,飯店旅館民宿,中壢百老匯,房價9折(特殊節慶除外),2017/12/31 0:00,03-422-6322,桃園市中壢區元化路二段122號
桃園市,飯店旅館民宿,168馬卡龍,房價9折(特殊節慶除外),2018/1/1 0:00,03-427-6333,桃園市中壢區美中路二段160號
桃園市,飯店旅館民宿,168平鎮館,房價9折(特殊節慶除外),2018/1/2 0:00,03-4397700,桃園市平鎮區上海路122號
新竹市,飯店旅館民宿,168新竹館,房價9折(特殊節慶除外),2018/1/3 0:00,03-5362277,新竹市新濱路ㄧ段217號
台北市,食品行,黑橋牌-長安門市,黑橋自製品95折,2018/1/4 0:00,02-25178164,台北市中山區長安東路二段86號
台中市,食品行,黑橋牌-自由門市,黑橋自製品95折,2018/1/5 0:00,04-22294762,台中市中區自由路二段34號
高雄市,食品行,黑橋牌-七賢門市,黑橋自製品95折,2018/1/6 0:00,07-5312549,高雄市鹽埕區七賢三路114號
高雄市,食品行,黑橋牌-瑞豐門市,黑橋自製品95折,2018/1/7 0:00,07-5536732,高雄市鼓山區明倫路119號
高雄市,食品行,黑橋牌-鳳山門市,黑橋自製品95折,2018/1/8 0:00,07-7105525,高雄市鳳山區中山路146之4號
新北市,食品行,黑橋牌-淡水門市,黑橋自製品95折,2018/1/9 0:00,02-26268458,新北市淡水區中正路138號
新北市,食品行,黑橋牌-九份門市,黑橋自製品95折,2018/1/10 0:00,02-24966184,新北市瑞芳區基山街86號
台北市,食品行,黑橋牌-士林門市,黑橋自製品95折,2018/1/11 0:00,02-28315563,台北市士林區中正路330號
台中市,食品行,黑橋牌-美村門市,黑橋自製品95折,2018/1/12 0:00,04-23194561,台中市西區美村路一段42號
台中市,食品行,黑橋牌-大墩門市,黑橋自製品95折,2018/1/13 0:00,04-23202637,台中市南屯區大墩路848號
台南市,食品行,黑橋牌-公園門市,黑橋自製品95折,2018/1/14 0:00,06-2260518,台南市中西區公園路50號
台南市,食品行,黑橋牌-香腸博物館,黑橋自製品95折,2018/1/15 0:00,06-2616990,台南市南區新忠路2之1號
高雄市,食品行,黑橋牌-中山門市,黑橋自製品95折,2018/1/16 0:00,07-2616278,高雄市新興區中山一路40號
高雄市,食品行,黑橋牌-三多門市,黑橋自製品95折,2018/1/17 0:00,07-3380717,高雄市前鎮區三多三路221號
台北市,食品行,黑橋牌-仁愛門市,黑橋自製品95折,2018/1/18 0:00,02-27091766,台北市大安區仁愛路四段38號
台北市,食品行,黑橋牌-萬華門市,黑橋自製品95折,2018/1/19 0:00,02-23029264,台北市萬華區康定路332號
台北市,食品行,黑橋牌-漢口門市,黑橋自製品95折,2018/1/20 0:00,02-23816878,台北市萬華區漢口街二段9號
新北市,食品行,黑橋牌-永和門市,黑橋自製品95折,2018/1/21 0:00,02-89271695,新北市永和區竹林路189號
台南市,食品行,黑橋牌-中正門市,黑橋自製品95折,2018/1/22 0:00,06-2295248,台南市中西區中正路220號
屏東縣,食品行,華欣食品,煎餅、生日蛋糕9折/喜餅95折【持會員卡或員工證】,2018/1/23 0:00,08-8326377,屏東縣東港鎮中山路70號
台南市,按摩,泰晶殿-台南安平會館,現金消費120分鐘以上(含)可折抵200元(不得共用其他優惠)【持會員卡或員工證】,2018/1/24 0:00,06-2958666,台南市安平區府前四街126號
台中市,按摩,泰晶殿-台中三民會館,現金消費120分鐘以上(含)可折抵200元(不得共用其他優惠)【持會員卡或員工證】,2018/1/25 0:00,04-22210888,台中市北區三民路三段10號
新北市,租車,小馬租車-新北板橋,1.各車型短租依定價:平日7折、假日8折；當月壽星平日5折、假日6折。  2.經濟型轎車(1.5-1.6):持高鐵票根，當日租還999元(限週一至週五19:30前還車)。  ※備註:  1.持會員卡或員工證。  2.平日:週一至週四及最後假日13:01起；假日:週五至週日與國定假日(連續假日)當天及前一日。  3.請租車三日前預約；春節期間及3日以上連假不適用。,2018/1/26 0:00,02-29506288,新北市板橋區板新路202號
台中市,按摩,泰晶殿-台中北屯會館,現金消費120分鐘以上(含)可折抵200元(不得共用其他優惠)【持會員卡或員工證】,2018/1/27 0:00,04-22478777,台中市北屯區北屯路366號
台北市,租車,小馬租車-台北復興,各車型短租依定價:平日7折、假日8折；當月壽星平日5折、假日6折。  ※備註:  1.持會員卡或員工證。  2.平日:週一至週四及最後假日13:01起；假日:週五至週日與國定假日(連續假日)當天及前一日。  3.請租車三日前預約；春節期間及3日以上連假不適用。,2018/1/28 0:00,02-25462888,台北市松山區復興北路499號
台南市,按摩,泰晶殿-台南中華會館,現金消費120分鐘以上(含)可折抵200元(不得共用其他優惠)【持會員卡或員工證】,2018/1/29 0:00,06-2695111,台南市東區中華東路三段172號
新北市,租車,小馬租車-新北樹林,各車型短租依定價:平日7折、假日8折；當月壽星平日5折、假日6折。  ※備註:  1.持會員卡或員工證。  2.平日:週一至週四及最後假日13:01起；假日:週五至週日與國定假日(連續假日)當天及前一日。  3.請租車三日前預約；春節期間及3日以上連假不適用。,2018/1/30 0:00,02-26822488,新北市樹林區中山路1段205號
台北市,租車,小馬租車-台北文山,各車型短租依定價:平日7折、假日8折；當月壽星平日5折、假日6折。  ※備註:  1.持會員卡或員工證。  2.平日:週一至週四及最後假日13:01起；假日:週五至週日與國定假日(連續假日)當天及前一日。  3.請租車三日前預約；春節期間及3日以上連假不適用。,2018/1/31 0:00,02-29302988,台北市文山區興隆路1段179號
桃園市,租車,小馬租車-桃園中壢,各車型短租依定價:平日7折、假日8折；當月壽星平日5折、假日6折。  ※備註:  1.持會員卡或員工證。  2.平日:週一至週四及最後假日13:01起；假日:週五至週日與國定假日(連續假日)當天及前一日。  3.請租車三日前預約；春節期間及3日以上連假不適用。,2018/2/1 0:00,03-4626288,桃園縣中壢市中園路139號
新竹市,租車,小馬租車-新竹小馬,各車型短租依定價:平日7折、假日8折；當月壽星平日5折、假日6折。  ※備註:  1.持會員卡或員工證。  2.平日:週一至週四及最後假日13:01起；假日:週五至週日與國定假日(連續假日)當天及前一日。  3.請租車三日前預約；春節期間及3日以上連假不適用。,2018/2/2 0:00,03-6662588,新竹市東區光復路二段124-1號
台中市,租車,小馬租車-台中小馬,各車型短租依定價:平日7折、假日8折；當月壽星平日5折、假日6折。  ※備註:  1.持會員卡或員工證。  2.平日:週一至週四及最後假日13:01起；假日:週五至週日與國定假日(連續假日)當天及前一日。  3.請租車三日前預約；春節期間及3日以上連假不適用。,2018/2/3 0:00,04-23285788,台中市西屯區台灣大道二段773號
台中市,租車,小馬租車-烏日高鐵,1.各車型短租依定價:平日7折、假日8折；當月壽星平日5折、假日6折。  2.經濟型轎車(1.5-1.6):持高鐵票根，當日租還999元(限週一至週五19:30前還車)。  ※備註:  1.持會員卡或員工證。  2.平日:週一至週四及最後假日13:01起；假日:週五至週日與國定假日(連續假日)當天及前一日。  3.請租車三日前預約；春節期間及3日以上連假不適用。,2018/2/4 0:00,04-23363788,台中市烏日區高鐵三路81號
彰化縣,租車,小馬租車-彰化小馬,各車型短租依定價:平日7折、假日8折；當月壽星平日5折、假日6折。  ※備註:  1.持會員卡或員工證。  2.平日:週一至週四及最後假日13:01起；假日:週五至週日與國定假日(連續假日)當天及前一日。  3.請租車三日前預約；春節期間及3日以上連假不適用。,2018/2/5 0:00,04-7614788,彰化市中央路61、63、65號
台南市,租車,小馬租車-台南小馬,各車型短租依定價:平日7折、假日8折；當月壽星平日5折、假日6折。  ※備註:  1.持會員卡或員工證。  2.平日:週一至週四及最後假日13:01起；假日:週五至週日與國定假日(連續假日)當天及前一日。  3.請租車三日前預約；春節期間及3日以上連假不適用。,2018/2/6 0:00,06-2365788,台南市東區小東路382號
台南市,租車,小馬租車-台南高鐵,1.各車型短租依定價:平日7折、假日8折；當月壽星平日5折、假日6折。  2.經濟型轎車(1.5-1.6):持高鐵票根，當日租還999元(限週一至週五19:30前還車)。  ※備註:  1.持會員卡或員工證。  2.平日:週一至週四及最後假日13:01起；假日:週五至週日與國定假日(連續假日)當天及前一日。  3.請租車三日前預約；春節期間及3日以上連假不適用。,2018/2/7 0:00,06-3032988,台南市歸仁區歸仁大道98號
高雄市,租車,小馬租車-左營高鐵,1.各車型短租依定價:平日7折、假日8折；當月壽星平日5折、假日6折。  2.經濟型轎車(1.5-1.6):持高鐵票根，當日租還999元(限週一至週五19:30前還車)。  ※備註:  1.持會員卡或員工證。  2.平日:週一至週四及最後假日13:01起；假日:週五至週日與國定假日(連續假日)當天及前一日。  3.請租車三日前預約；春節期間及3日以上連假不適用。,2018/2/8 0:00,07-3434188,高雄市左營區重信路623-2號
台南市,飯店旅館民宿,為楓渡假別館,住宿2780元以上房型現折600元；休息1200元以上房型現折200元(限平日，不得共用其他優惠)【持會員卡或員工證】,2018/2/9 0:00,06-2628800,台南市南區灣裡路62巷2號
高雄市,飯店旅館民宿,打狗戀館,住宿2800元以上房型現折600元；休息1200元以上房型現折100元(限平日，不得共用其他優惠)【持會員卡或員工證】,2018/2/10 0:00,07-8129988,高雄市小港區港平路167號
台中市,按摩,泰晶殿-台中四季皇家會館,現金消費120分鐘以上(含)可折抵200元(不得共用其他優惠)【持會員卡或員工證】,2018/2/11 0:00,04-22549565,台中市南屯區大業路375號
桃園市,糕點,皇樓-桃園中山店,1.生日蛋糕自取、彌月蛋糕及禮盒:85折  2.彌月油飯、喜餅、下午茶、伴手禮、巧克力:9折  備註:  1.持會員卡或員工證  2.以上依原價優惠,2018/2/12 0:00,03-3318766,桃園市桃園區中山路124號
桃園市,糕點,皇樓-中壢延平店,1.生日蛋糕自取、彌月蛋糕及禮盒:85折  2.彌月油飯、喜餅、下午茶、伴手禮、巧克力:9折  備註:  1.持會員卡或員工證  2.以上依原價優惠,2018/2/13 0:00,03-4275199,桃園市中壢區延平路524號
高雄市,租車,小馬租車-高雄小港,各車型短租依定價:平日7折、假日8折；當月壽星平日5折、假日6折。  ※備註:  1.持會員卡或員工證。  2.平日:週一至週四及最後假日13:01起；假日:週五至週日與國定假日(連續假日)當天及前一日。  3.請租車三日前預約；春節期間及3日以上連假不適用。,2018/2/14 0:00,07-8035788,高雄市小港區沿海一路32號
台東縣,租車,小馬租車-台東機場,1.各車型短租依定價:平日7折、假日8折；當月壽星平日5折、假日6折。  2.經濟型轎車(1.5-1.6):持台鐵票根，當日租還999元(限週一至週五19:30前還車)。  ※備註:  1.持會員卡或員工證。  2.平日:週一至週四及最後假日13:01起；假日:週五至週日與國定假日(連續假日)當天及前一日。  3.請租車三日前預約；春節期間及3日以上連假不適用。,2018/2/15 0:00,089-340688,台東市民航路981-5號
高雄市,糕點,皇樓-高雄中正店,1.生日蛋糕自取、彌月蛋糕及禮盒:85折  2.彌月油飯、喜餅、下午茶、伴手禮、巧克力:9折  備註:  1.持會員卡或員工證  2.以上依原價優惠,2018/2/16 0:00,07-2850118,高雄市中正四路28號
新北市,糕點,皇樓-新北永和店,1.生日蛋糕自取、彌月蛋糕及禮盒:85折  2.彌月油飯、喜餅、下午茶、伴手禮、巧克力:9折  備註:  1.持會員卡或員工證  2.以上依原價優惠,2018/2/17 0:00,02-22316738,新北市永和區永和路一段222號
新北市,糕點,皇樓-新北三重店,1.生日蛋糕自取、彌月蛋糕及禮盒:85折  2.彌月油飯、喜餅、下午茶、伴手禮、巧克力:9折  備註:  1.持會員卡或員工證  2.以上依原價優惠,2018/2/18 0:00,02-29882899,新北市三重區正義北路260號
台中市,按摩,泰晶殿-台中文心會館,現金消費120分鐘以上(含)可折抵200元(不得共用其他優惠)【持會員卡或員工證】,2018/2/19 0:00,04-24723555,台中市南屯區文心路一段46-3號
台中市,按摩,泰晶殿-台中公益會館,現金消費120分鐘以上(含)可折抵200元(不得共用其他優惠)【持會員卡或員工證】,2018/2/20 0:00,04-225585999,台中市南屯區公益路二段241號
台北市,按摩,泰晶殿-台北安和會館,現金消費120分鐘以上(含)可折抵200元(不得共用其他優惠)【持會員卡或員工證】,2018/2/21 0:00,02-27087779,台北市安和路二段102號(近遠企中心)
台北市,按摩,泰晶殿-台北八德會館,現金消費120分鐘以上(含)可折抵200元(不得共用其他優惠)【持會員卡或員工證】,2018/2/22 0:00,02-27751777,台北市八德路二段192號(近建國北路口)
台北市,按摩,泰晶殿-台北光復會館,現金消費120分鐘以上(含)可折抵200元(不得共用其他優惠)【持會員卡或員工證】,2018/2/23 0:00,02-25287111,台北市光復北路5號
台北市,糕點,伊莎貝爾-台北南京店,1.生日蛋糕自取、彌月蛋糕及禮盒:85折  2.彌月油飯、喜餅、下午茶、伴手禮、巧克力:9折  備註:  1.持會員卡或員工證  2.依原價折扣,2018/2/24 0:00,02-27183968,台北市南京東路三段215號
台北市,糕點,伊莎貝爾-台北忠孝店,1.生日蛋糕自取、彌月蛋糕及禮盒:85折  2.彌月油飯、喜餅、下午茶、伴手禮、巧克力:9折  備註:  1.持會員卡或員工證  2.以上依原價優惠,2018/2/25 0:00,02-87895698,台北市忠孝東路五段396號
台北市,糕點,伊莎貝爾-台北士林店,1.生日蛋糕自取、彌月蛋糕及禮盒:85折  2.彌月油飯、喜餅、下午茶、伴手禮、巧克力:9折  備註:  1.持會員卡或員工證  2.以上依原價優惠,2018/2/26 0:00,02-28337076,台北市文林路474號
新北市,糕點,伊莎貝爾-新北永和店,1.生日蛋糕自取、彌月蛋糕及禮盒:85折  2.彌月油飯、喜餅、下午茶、伴手禮、巧克力:9折  備註:  1.持會員卡或員工證  2.以上依原價優惠,2018/2/27 0:00,02-22316738,新北市永和區永和路一段222號
屏東縣,糕點,伊莎貝爾-屏東民生店,1.生日蛋糕自取、彌月蛋糕及禮盒:85折  2.彌月油飯、喜餅、下午茶、伴手禮、巧克力:9折  備註:  1.持會員卡或員工證  2.以上依原價優惠,2018/2/28 0:00,08-7656280,屏東縣屏東市民生路198號
台北市,醫療,美加醫美診所-台北仁愛,預約諮詢贈送面膜1片，消費享9折(不得共用其他優惠)【持會員卡或員工證】,2018/3/1 0:00,02-55886889,台北市大安區復興南路一段227號4樓
高雄市,餐飲,Subway-楠梓加工區店,餐點95折/滿2000元92折【持會員卡或員工證】,2018/3/2 0:00,07-3644325,高雄市楠梓區翠屏路8號
桃園市,醫療,美加醫美診所-桃園中正,預約諮詢贈送面膜1片，消費享9折(不得共用其他優惠)【持會員卡或員工證】,2018/3/3 0:00,03-2751313,桃園市桃園區同德二街131號2樓
高雄市,餐飲,生秀的門RustyDoor,95折【持會員卡或員工證】,2018/3/4 0:00,07-6240778,高雄市岡山區中山北路35號
台中市,醫療,美加醫美診所-台中向上,預約諮詢贈送面膜1片，消費享9折(不得共用其他優惠)【持會員卡或員工證】,2018/3/5 0:00,04-24727890,台中市向上路一段345號
新竹市,糕點,皇樓-新竹北大店,1.生日蛋糕自取、彌月蛋糕及禮盒:85折  2.彌月油飯、喜餅、下午茶、伴手禮、巧克力:9折  備註:  1.持會員卡或員工證  2.以上依原價優惠,2018/3/6 0:00,03-5284722,新竹市北大路190號
台中市,糕點,皇樓-台中三民店,1.生日蛋糕自取、彌月蛋糕及禮盒:85折  2.彌月油飯、喜餅、下午茶、伴手禮、巧克力:9折  備註:  1.持會員卡或員工證  2.以上依原價優惠,2018/3/7 0:00,04-22216966,台中市三民路二段76號
台中市,糕點,皇樓-豐原中正店,1.生日蛋糕自取、彌月蛋糕及禮盒:85折  2.彌月油飯、喜餅、下午茶、伴手禮、巧克力:9折  備註:  1.持會員卡或員工證  2.以上依原價優惠,2018/3/8 0:00,04-25205118,台中市豐原區中正路209號
高雄市,醫療,美加醫美診所-高雄巨蛋,預約諮詢贈送面膜1片，消費享9折(不得共用其他優惠)【持會員卡或員工證】,2018/3/9 0:00,07-3427999,高雄市左營區博愛三路8-1號4樓
花蓮縣,租車,小馬租車-花蓮小馬,1.各車型短租依定價:平日7折、假日8折；當月壽星平日5折、假日6折。  2.經濟型轎車(1.5-1.6):持台鐵票根，當日租還999元(限週一至週五19:30前還車)。  ※備註:  1.持會員卡或員工證。  2.平日:週一至週四及最後假日13:01起；假日:週五至週日與國定假日(連續假日)當天及前一日。  3.請租車三日前預約；春節期間及3日以上連假不適用。,2018/3/10 0:00,03-8354888,花蓮市國聯四路21號
台東縣,租車,小馬租車-台東車站,1.各車型短租依定價:平日7折、假日8折；當月壽星平日5折、假日6折。  2.經濟型轎車(1.5-1.6):持台鐵票根，當日租還999元(限週一至週五19:30前還車)。  ※備註:  1.持會員卡或員工證。  2.平日:週一至週四及最後假日13:01起；假日:週五至週日與國定假日(連續假日)當天及前一日。  3.請租車三日前預約；春節期間及3日以上連假不適用。,2018/3/11 0:00,089-232088,台東市興安路一段492-1號
台北市,糕點,皇樓-台北南京店,1.生日蛋糕自取、彌月蛋糕及禮盒:85折  2.彌月油飯、喜餅、下午茶、伴手禮、巧克力:9折  備註:  1.持會員卡或員工證  2.以上依原價優惠,2018/3/12 0:00,02-27183968,台北市南京東路三段215號
台北市,糕點,皇樓-台北忠孝店,1.生日蛋糕自取、彌月蛋糕及禮盒:85折  2.彌月油飯、喜餅、下午茶、伴手禮、巧克力:9折  備註:  1.持會員卡或員工證  2.以上依原價優惠,2018/3/13 0:00,02-87895698,台北市忠孝東路五段396號
台中市,按摩,泰晶殿-台中大墩會館,現金消費120分鐘以上(含)可折抵200元(不得共用其他優惠)【持會員卡或員工證】,2018/3/14 0:00,04-23268666,台中市西屯區大墩路987號
新北市,糕點,Rivon禮坊-三重店,1.生日蛋糕、點心蛋糕、蛋糕禮盒等蛋糕類自製品85折  2.彌月蛋糕禮盒、節慶蛋糕，依當期優惠再95折  3.訂婚禮盒贈送訂購總額3%之婚禮小物或自製品(原促銷方案若有贈品則須擇一，無法同時享有)  4.節慶禮盒依當期優惠再95折(藝術家瓷器系列及公益款除外)  備註:  1.持會員卡或員工證  2.以上優惠不適用於外購商品與特賣商品,2018/3/15 0:00,02-29854195,新北市三重區正義北路193號
基隆市,糕點,Rivon禮坊-基隆店,1.生日蛋糕、點心蛋糕、蛋糕禮盒等蛋糕類自製品85折  2.彌月蛋糕禮盒、節慶蛋糕，依當期優惠再95折  3.訂婚禮盒贈送訂購總額3%之婚禮小物或自製品(原促銷方案若有贈品則須擇一，無法同時享有)  4.節慶禮盒依當期優惠再95折(藝術家瓷器系列及公益款除外)  備註:  1.持會員卡或員工證  2.以上優惠不適用於外購商品與特賣商品,2018/3/16 0:00,02-24241205,基隆市仁愛區孝二路62號
宜蘭縣,糕點,Rivon禮坊-宜蘭店,1.生日蛋糕、點心蛋糕、蛋糕禮盒等蛋糕類自製品85折  2.彌月蛋糕禮盒、節慶蛋糕，依當期優惠再95折  3.訂婚禮盒贈送訂購總額3%之婚禮小物或自製品(原促銷方案若有贈品則須擇一，無法同時享有)  4.節慶禮盒依當期優惠再95折(藝術家瓷器系列及公益款除外)  備註:  1.持會員卡或員工證  2.以上優惠不適用於外購商品與特賣商品,2018/3/17 0:00,039-562457,宜蘭縣羅東鎮公正路89號
桃園市,糕點,Rivon禮坊-桃園店,1.生日蛋糕、點心蛋糕、蛋糕禮盒等蛋糕類自製品85折  2.彌月蛋糕禮盒、節慶蛋糕，依當期優惠再95折  3.訂婚禮盒贈送訂購總額3%之婚禮小物或自製品(原促銷方案若有贈品則須擇一，無法同時享有)  4.節慶禮盒依當期優惠再95折(藝術家瓷器系列及公益款除外)  備註:  1.持會員卡或員工證  2.以上優惠不適用於外購商品與特賣商品,2018/3/18 0:00,03-3327777,桃園縣桃園市中山路147號
桃園市,糕點,Rivon禮坊-中壢店,1.生日蛋糕、點心蛋糕、蛋糕禮盒等蛋糕類自製品85折  2.彌月蛋糕禮盒、節慶蛋糕，依當期優惠再95折  3.訂婚禮盒贈送訂購總額3%之婚禮小物或自製品(原促銷方案若有贈品則須擇一，無法同時享有)  4.節慶禮盒依當期優惠再95折(藝術家瓷器系列及公益款除外)  備註:  1.持會員卡或員工證  2.以上優惠不適用於外購商品與特賣商品,2018/3/19 0:00,03-4225196,桃園市中壢區延平路461號
新竹市,糕點,Rivon禮坊-新竹店,1.生日蛋糕、點心蛋糕、蛋糕禮盒等蛋糕類自製品85折  2.彌月蛋糕禮盒、節慶蛋糕，依當期優惠再95折  3.訂婚禮盒贈送訂購總額3%之婚禮小物或自製品(原促銷方案若有贈品則須擇一，無法同時享有)  4.節慶禮盒依當期優惠再95折(藝術家瓷器系列及公益款除外)  備註:  1.持會員卡或員工證  2.以上優惠不適用於外購商品與特賣商品,2018/3/20 0:00,03-5218252,新竹市北區中正路163號
台中市,糕點,Rivon禮坊-豐原店,1.生日蛋糕、點心蛋糕、蛋糕禮盒等蛋糕類自製品85折  2.彌月蛋糕禮盒、節慶蛋糕，依當期優惠再95折  3.訂婚禮盒贈送訂購總額3%之婚禮小物或自製品(原促銷方案若有贈品則須擇一，無法同時享有)  4.節慶禮盒依當期優惠再95折(藝術家瓷器系列及公益款除外)  備註:  1.持會員卡或員工證  2.以上優惠不適用於外購商品與特賣商品,2018/3/21 0:00,04-25121051,台中市豐原區中正路231號
彰化縣,糕點,Rivon禮坊-彰化店,1.生日蛋糕、點心蛋糕、蛋糕禮盒等蛋糕類自製品85折  2.彌月蛋糕禮盒、節慶蛋糕，依當期優惠再95折  3.訂婚禮盒贈送訂購總額3%之婚禮小物或自製品(原促銷方案若有贈品則須擇一，無法同時享有)  4.節慶禮盒依當期優惠再95折(藝術家瓷器系列及公益款除外)  備註:  1.持會員卡或員工證  2.以上優惠不適用於外購商品與特賣商品,2018/3/22 0:00,04-7262087,彰化縣彰化市中正路二段149號
嘉義市,糕點,Rivon禮坊-嘉義店,1.生日蛋糕、點心蛋糕、蛋糕禮盒等蛋糕類自製品85折  2.彌月蛋糕禮盒、節慶蛋糕，依當期優惠再95折  3.訂婚禮盒贈送訂購總額3%之婚禮小物或自製品(原促銷方案若有贈品則須擇一，無法同時享有)  4.節慶禮盒依當期優惠再95折(藝術家瓷器系列及公益款除外)  備註:  1.持會員卡或員工證  2.以上優惠不適用於外購商品與特賣商品,2018/3/23 0:00,05-2168116,嘉義市西區中山路543號
彰化縣,糕點,皇樓-員林中正店,1.生日蛋糕自取、彌月蛋糕及禮盒:85折  2.彌月油飯、喜餅、下午茶、伴手禮、巧克力:9折  備註:  1.持會員卡或員工證  2.以上依原價優惠,2018/3/24 0:00,04-8339662,彰化縣員林鎮中正路223號
嘉義市,糕點,皇樓-嘉義中山店,1.生日蛋糕自取、彌月蛋糕及禮盒:85折  2.彌月油飯、喜餅、下午茶、伴手禮、巧克力:9折  備註:  1.持會員卡或員工證  2.以上依原價優惠,2018/3/25 0:00,05-2239992,嘉義市中山路557號
台北市,糕點,皇樓-台北士林店,1.生日蛋糕自取、彌月蛋糕及禮盒:85折  2.彌月油飯、喜餅、下午茶、伴手禮、巧克力:9折  備註:  1.持會員卡或員工證  2.以上依原價優惠,2018/3/26 0:00,02-28315779,台北市文林路456號
新北市,糕點,皇樓-新北板橋店,1.生日蛋糕自取、彌月蛋糕及禮盒:85折  2.彌月油飯、喜餅、下午茶、伴手禮、巧克力:9折  備註:  1.持會員卡或員工證  2.以上依原價優惠,2018/3/27 0:00,02-29683979,新北市板橋區南門街30號
基隆市,糕點,皇樓-基隆孝二店,1.生日蛋糕自取、彌月蛋糕及禮盒:85折  2.彌月油飯、喜餅、下午茶、伴手禮、巧克力:9折  備註:  1.持會員卡或員工證  2.以上依原價優惠,2018/3/28 0:00,02-24232336,基隆市孝二路50號
彰化縣,糕點,皇樓-彰化中正店,1.生日蛋糕自取、彌月蛋糕及禮盒:85折  2.彌月油飯、喜餅、下午茶、伴手禮、巧克力:9折  備註:  1.持會員卡或員工證  2.以上依原價優惠,2018/3/29 0:00,04-7262939,彰化縣彰化市中正路二段134號
台南市,糕點,皇樓-台南東寧店,1.生日蛋糕自取、彌月蛋糕及禮盒:85折  2.彌月油飯、喜餅、下午茶、伴手禮、巧克力:9折  備註:  1.持會員卡或員工證  2.以上依原價優惠,2018/3/30 0:00,06-2008689,台南市東寧路122-1號
高雄市,糕點,皇樓-高雄鳳山店,1.生日蛋糕自取、彌月蛋糕及禮盒:85折  2.彌月油飯、喜餅、下午茶、伴手禮、巧克力:9折  備註:  1.持會員卡或員工證  2.以上依原價優惠,2018/3/31 0:00,07-7453161,高雄市鳳山區光遠路294號
屏東縣,糕點,皇樓-屏東民生店,1.生日蛋糕自取、彌月蛋糕及禮盒:85折  2.彌月油飯、喜餅、下午茶、伴手禮、巧克力:9折  備註:  1.持會員卡或員工證  2.以上依原價優惠,2018/4/1 0:00,08-7656280,屏東縣屏東市民生路198號
嘉義市,咖啡簡餐,米堤爾,1.套餐95折、單點9折  2.Brunch、鬆餅、輕食類8折(限平日下午2~5點)  備註:  1.持會員卡或員工證  2.最低消費50元,2018/4/2 0:00,05-2766358,嘉義市維新路122號
台北市,糕點,Rivon禮坊-中山店,1.生日蛋糕、點心蛋糕、蛋糕禮盒等蛋糕類自製品85折  2.彌月蛋糕禮盒、節慶蛋糕，依當期優惠再95折  3.訂婚禮盒贈送訂購總額3%之婚禮小物或自製品(原促銷方案若有贈品則須擇一，無法同時享有)  4.節慶禮盒依當期優惠再95折(藝術家瓷器系列及公益款除外)  備註:  1.持會員卡或員工證  2.以上優惠不適用於外購商品與特賣商品,2018/4/3 0:00,02-25626099,台北市中山區中山北路2段22-1號
台北市,糕點,Rivon禮坊-忠孝店,1.生日蛋糕、點心蛋糕、蛋糕禮盒等蛋糕類自製品85折  2.彌月蛋糕禮盒、節慶蛋糕，依當期優惠再95折  3.訂婚禮盒贈送訂購總額3%之婚禮小物或自製品(原促銷方案若有贈品則須擇一，無法同時享有)  4.節慶禮盒依當期優惠再95折(藝術家瓷器系列及公益款除外)  備註:  1.持會員卡或員工證  2.以上優惠不適用於外購商品與特賣商品,2018/4/4 0:00,02-87895799,台北市信義區忠孝東路5段392號
台北市,糕點,Rivon禮坊-士林店,1.生日蛋糕、點心蛋糕、蛋糕禮盒等蛋糕類自製品85折  2.彌月蛋糕禮盒、節慶蛋糕，依當期優惠再95折  3.訂婚禮盒贈送訂購總額3%之婚禮小物或自製品(原促銷方案若有贈品則須擇一，無法同時享有)  4.節慶禮盒依當期優惠再95折(藝術家瓷器系列及公益款除外)  備註:  1.持會員卡或員工證  2.以上優惠不適用於外購商品與特賣商品,2018/4/5 0:00,02-28325120,台北市士林區文林路472號
新北市,糕點,Rivon禮坊-永和店,1.生日蛋糕、點心蛋糕、蛋糕禮盒等蛋糕類自製品85折  2.彌月蛋糕禮盒、節慶蛋糕，依當期優惠再95折  3.訂婚禮盒贈送訂購總額3%之婚禮小物或自製品(原促銷方案若有贈品則須擇一，無法同時享有)  4.節慶禮盒依當期優惠再95折(藝術家瓷器系列及公益款除外)  備註:  1.持會員卡或員工證  2.以上優惠不適用於外購商品與特賣商品,2018/4/6 0:00,02-29293988,新北市永和區永和路2段68號
新北市,糕點,Rivon禮坊-板橋店,1.生日蛋糕、點心蛋糕、蛋糕禮盒等蛋糕類自製品85折  2.彌月蛋糕禮盒、節慶蛋糕，依當期優惠再95折  3.訂婚禮盒贈送訂購總額3%之婚禮小物或自製品(原促銷方案若有贈品則須擇一，無法同時享有)  4.節慶禮盒依當期優惠再95折(藝術家瓷器系列及公益款除外)  備註:  1.持會員卡或員工證  2.以上優惠不適用於外購商品與特賣商品,2018/4/7 0:00,02-29693141,新北市板橋區南門街29號
台南市,糕點,Rivon禮坊-台南店,1.生日蛋糕、點心蛋糕、蛋糕禮盒等蛋糕類自製品85折  2.彌月蛋糕禮盒、節慶蛋糕，依當期優惠再95折  3.訂婚禮盒贈送訂購總額3%之婚禮小物或自製品(原促銷方案若有贈品則須擇一，無法同時享有)  4.節慶禮盒依當期優惠再95折(藝術家瓷器系列及公益款除外)  備註:  1.持會員卡或員工證  2.以上優惠不適用於外購商品與特賣商品,2018/4/8 0:00,06-2344606,台南市東區東寧路124號
高雄市,糕點,Rivon禮坊-高雄店,1.生日蛋糕、點心蛋糕、蛋糕禮盒等蛋糕類自製品85折  2.彌月蛋糕禮盒、節慶蛋糕，依當期優惠再95折  3.訂婚禮盒贈送訂購總額3%之婚禮小物或自製品(原促銷方案若有贈品則須擇一，無法同時享有)  4.節慶禮盒依當期優惠再95折(藝術家瓷器系列及公益款除外)  備註:  1.持會員卡或員工證  2.以上優惠不適用於外購商品與特賣商品,2018/4/9 0:00,07-2866875,高雄市新興區中正四路34號
屏東縣,糕點,Rivon禮坊-屏東店,1.生日蛋糕、點心蛋糕、蛋糕禮盒等蛋糕類自製品85折  2.彌月蛋糕禮盒、節慶蛋糕，依當期優惠再95折  3.訂婚禮盒贈送訂購總額3%之婚禮小物或自製品(原促銷方案若有贈品則須擇一，無法同時享有)  4.節慶禮盒依當期優惠再95折(藝術家瓷器系列及公益款除外)  備註:  1.持會員卡或員工證  2.以上優惠不適用於外購商品與特賣商品,2018/4/10 0:00,08-7661268,屏東縣屏東市民生路196號
新北市,糕點,伊莎貝爾-新北板橋店,1.生日蛋糕自取、彌月蛋糕及禮盒:85折  2.彌月油飯、喜餅、下午茶、伴手禮、巧克力:9折  備註:  1.持會員卡或員工證  2.以上依原價優惠,2018/4/11 0:00,02-22721369,新北市板橋區南門街36號
基隆市,糕點,伊莎貝爾-基隆孝二店,1.生日蛋糕自取、彌月蛋糕及禮盒:85折  2.彌月油飯、喜餅、下午茶、伴手禮、巧克力:9折  備註:  1.持會員卡或員工證  2.以上依原價優惠,2018/4/12 0:00,02-24232336,基隆市孝二路50號
彰化縣,糕點,伊莎貝爾-員林中正店,1.生日蛋糕自取、彌月蛋糕及禮盒:85折  2.彌月油飯、喜餅、下午茶、伴手禮、巧克力:9折  備註:  1.持會員卡或員工證  2.以上依原價優惠,2018/4/13 0:00,04-8339662,彰化縣員林鎮中正路223號
台中市,糕點,Rivon禮坊-三民店,1.生日蛋糕、點心蛋糕、蛋糕禮盒等蛋糕類自製品85折  2.彌月蛋糕禮盒、節慶蛋糕，依當期優惠再95折  3.訂婚禮盒贈送訂購總額3%之婚禮小物或自製品(原促銷方案若有贈品則須擇一，無法同時享有)  4.節慶禮盒依當期優惠再95折(藝術家瓷器系列及公益款除外)  備註:  1.持會員卡或員工證  2.以上優惠不適用於外購商品與特賣商品,2018/4/14 0:00,04-22260026,台中市三民路2段132號
新北市,糕點,伊莎貝爾-新北三重店,1.生日蛋糕自取、彌月蛋糕及禮盒:85折  2.彌月油飯、喜餅、下午茶、伴手禮、巧克力:9折  備註:  1.持會員卡或員工證  2.以上依原價優惠,2018/4/15 0:00,02-89824729,新北市三重區正義北路262號
桃園市,糕點,伊莎貝爾-桃園中山店,1.生日蛋糕自取、彌月蛋糕及禮盒:85折  2.彌月油飯、喜餅、下午茶、伴手禮、巧克力:9折  備註:  1.持會員卡或員工證  2.以上依原價優惠,2018/4/16 0:00,03-3395642,桃園市桃園區中山路128號
桃園市,糕點,伊莎貝爾-中壢延平店,1.生日蛋糕自取、彌月蛋糕及禮盒:85折  2.彌月油飯、喜餅、下午茶、伴手禮、巧克力:9折  備註:  1.持會員卡或員工證  2.以上依原價優惠,2018/4/17 0:00,03-4276833,桃園市中壢區延平路455號
新竹市,糕點,伊莎貝爾-新竹中正店,1.生日蛋糕自取、彌月蛋糕及禮盒:85折  2.彌月油飯、喜餅、下午茶、伴手禮、巧克力:9折  備註:  1.持會員卡或員工證  2.以上依原價優惠,2018/4/18 0:00,03-5210088,新竹市中正路165號
台中市,糕點,伊莎貝爾-台中三民店,1.生日蛋糕自取、彌月蛋糕及禮盒:85折  2.彌月油飯、喜餅、下午茶、伴手禮、巧克力:9折  備註:  1.持會員卡或員工證  2.以上依原價優惠,2018/4/19 0:00,04-22214366,台中市三民路二段29-1號
台中市,糕點,伊莎貝爾-豐原中正店,1.生日蛋糕自取、彌月蛋糕及禮盒:85折  2.彌月油飯、喜餅、下午茶、伴手禮、巧克力:9折  備註:  1.持會員卡或員工證  2.以上依原價優惠,2018/4/20 0:00,04-25205118,台中市豐原區中正路209號
彰化縣,糕點,伊莎貝爾-彰化中正店,1.生日蛋糕自取、彌月蛋糕及禮盒:85折  2.彌月油飯、喜餅、下午茶、伴手禮、巧克力:9折  備註:  1.持會員卡或員工證  2.以上依原價優惠,2018/4/21 0:00,04-7262939,彰化縣彰化市中正路二段134號
嘉義市,糕點,伊莎貝爾-嘉義中山店,1.生日蛋糕自取、彌月蛋糕及禮盒:85折  2.彌月油飯、喜餅、下午茶、伴手禮、巧克力:9折  備註:  1.持會員卡或員工證  2.以上依原價優惠,2018/4/22 0:00,05-2239992,嘉義市中山路557號
台南市,糕點,伊莎貝爾-台南東寧店,1.生日蛋糕自取、彌月蛋糕及禮盒:85折  2.彌月油飯、喜餅、下午茶、伴手禮、巧克力:9折  備註:  1.持會員卡或員工證  2.以上依原價優惠,2018/4/23 0:00,06-2342236,台南市東寧路446號
高雄市,糕點,伊莎貝爾-高雄中正店,1.生日蛋糕自取、彌月蛋糕及禮盒:85折  2.彌月油飯、喜餅、下午茶、伴手禮、巧克力:9折  備註:  1.持會員卡或員工證  2.以上依原價優惠,2018/4/24 0:00,07-2861888,高雄市中正四路52號
高雄市,糕點,伊莎貝爾-高雄鳳山店,1.生日蛋糕自取、彌月蛋糕及禮盒:85折  2.彌月油飯、喜餅、下午茶、伴手禮、巧克力:9折  備註:  1.持會員卡或員工證  2.以上依原價優惠,2018/4/25 0:00,07-7453161,高雄市鳳山區光遠路294號
新竹市,糕點,新隆興蛋糕,自製品9折【持會員卡或員工證】,2018/4/26 0:00,03-5265074,新竹市南大路5號
台北市,糕點,白木屋蛋糕-台北士林店,烘焙商品9折(不含喜餅、彌月、特殊折扣及節慶商品)(不得共用其他優惠)【持會員卡或員工證】,2018/4/27 0:00,02-28336889,台北市士林區中正路176號
桃園市,其他,大衛美語-中壢校,報名團體課程95折，購買書籍教材8折(不得共用其他優惠)【持會員卡或員工證】,2018/4/28 0:00,03-4252040,中壢市永樂路11巷2號
新竹市,其他,大衛美語-新竹校,報名團體課程95折，購買書籍教材8折(不得共用其他優惠)【持會員卡或員工證】,2018/4/29 0:00,03-5238855,新竹市東門街64號
新竹縣,其他,大衛美語-竹東校,報名團體課程95折，購買書籍教材8折(不得共用其他優惠)【持會員卡或員工證】,2018/4/30 0:00,03-5952233,新竹縣竹東鎮長春路三段92號
苗栗縣,其他,大衛美語-苗栗校,報名團體課程95折，購買書籍教材8折(不得共用其他優惠)【持會員卡或員工證】,2018/5/1 0:00,037-2711155,苗栗市中正路115號
台南市,其他,大衛美語-台南校,報名團體課程95折，購買書籍教材8折(不得共用其他優惠)【持會員卡或員工證】,2018/5/2 0:00,06-2269666,台南市中山路187號
高雄市,其他,大衛美語-高雄校,報名團體課程95折，購買書籍教材8折(不得共用其他優惠)【持會員卡或員工證】,2018/5/3 0:00,07-2855500,高雄市中山一路162號4樓
台東縣,餐飲,山東小吃,套餐享9折(牛肉麵套餐、牛肉捲餅套餐、紫米湯包套餐)(限一人食用)【持會員卡或員工證】,2018/5/4 0:00,089-864599,台東縣池上鄉中山路19號
台北市,糕點,白木屋蛋糕-台北松山店,烘焙商品9折(不含喜餅、彌月、特殊折扣及節慶商品)(不得共用其他優惠)【持會員卡或員工證】,2018/5/5 0:00,02-89781358,台北市信義區松山路451號
新北市,糕點,白木屋蛋糕-新北永和店,烘焙商品9折(不含喜餅、彌月、特殊折扣及節慶商品)(不得共用其他優惠)【持會員卡或員工證】,2018/5/6 0:00,02-29270358,新北市永和區永和路二段55號
新北市,糕點,白木屋蛋糕-蘆洲中正店,烘焙商品9折(不含喜餅、彌月、特殊折扣及節慶商品)(不得共用其他優惠)【持會員卡或員工證】,2018/5/7 0:00,02-82825636,新北市蘆洲區中正路103號
新北市,糕點,白木屋蛋糕-新莊中正店,烘焙商品9折(不含喜餅、彌月、特殊折扣及節慶商品)(不得共用其他優惠)【持會員卡或員工證】,2018/5/8 0:00,02-29932226,新北市新莊區中正路298號
新北市,糕點,白木屋蛋糕-三重正義店,烘焙商品9折(不含喜餅、彌月、特殊折扣及節慶商品)(不得共用其他優惠)【持會員卡或員工證】,2018/5/9 0:00,02-89855066,新北市三重區正義北路278號
新北市,糕點,白木屋蛋糕-板橋文化店,烘焙商品9折(不含喜餅、彌月、特殊折扣及節慶商品)(不得共用其他優惠)【持會員卡或員工證】,2018/5/10 0:00,02-22729685,新北市板橋區文化路一段131號
新北市,糕點,白木屋蛋糕-新店北新店,烘焙商品9折(不含喜餅、彌月、特殊折扣及節慶商品)(不得共用其他優惠)【持會員卡或員工證】,2018/5/11 0:00,02-86650775,新北市新店區北新路二段101號
桃園市,糕點,白木屋蛋糕-桃園旗艦館,烘焙商品9折(不含喜餅、彌月、特殊折扣及節慶商品)(不得共用其他優惠)【持會員卡或員工證】,2018/5/12 0:00,03-3319255,桃園市桃園區中山路467號
桃園市,糕點,白木屋蛋糕-桃園南崁店,烘焙商品9折(不含喜餅、彌月、特殊折扣及節慶商品)(不得共用其他優惠)【持會員卡或員工證】,2018/5/13 0:00,03-2868696,桃園市蘆竹區忠孝西路160號
桃園市,糕點,白木屋蛋糕-青埔高鐵店,烘焙商品9折(不含喜餅、彌月、特殊折扣及節慶商品)(不得共用其他優惠)【持會員卡或員工證】,2018/5/14 0:00,03-2616521,桃園市中壢區高鐵北路一段6號
桃園市,糕點,白木屋蛋糕-中壢復興店,烘焙商品9折(不含喜餅、彌月、特殊折扣及節慶商品)(不得共用其他優惠)【持會員卡或員工證】,2018/5/15 0:00,03-4275977,桃園市中壢區復興路26號
桃園市,糕點,白木屋蛋糕-品牌探索館,烘焙商品9折(不含喜餅、彌月、特殊折扣及節慶商品)(不得共用其他優惠)【持會員卡或員工證】,2018/5/16 0:00,03-4965757,桃園市楊梅區高獅路813巷22弄6號
新竹市,糕點,白木屋蛋糕-新竹北大店,烘焙商品9折(不含喜餅、彌月、特殊折扣及節慶商品)(不得共用其他優惠)【持會員卡或員工證】,2018/5/17 0:00,03-5253568,新竹市北區北大路304號
台中市,糕點,白木屋蛋糕-台中東興店,烘焙商品9折(不含喜餅、彌月、特殊折扣及節慶商品)(不得共用其他優惠)【持會員卡或員工證】,2018/5/18 0:00,04-23205516,台中市南屯區東興路2段299號
嘉義市,糕點,白木屋蛋糕-嘉義中山店,烘焙商品9折(不含喜餅、彌月、特殊折扣及節慶商品)(不得共用其他優惠)【持會員卡或員工證】,2018/5/19 0:00,05-2226256,嘉義市西區中山路322號
台南市,糕點,白木屋蛋糕-台南東寧店,烘焙商品9折(不含喜餅、彌月、特殊折扣及節慶商品)(不得共用其他優惠)【持會員卡或員工證】,2018/5/20 0:00,06-2351992,台南市東區東寧路193號
高雄市,糕點,白木屋蛋糕-高雄中正店,烘焙商品9折(不含喜餅、彌月、特殊折扣及節慶商品)(不得共用其他優惠)【持會員卡或員工證】,2018/5/21 0:00,07-2368278,高雄市新興區中正四路20號
屏東縣,糕點,白木屋蛋糕-屏東中正店,烘焙商品9折(不含喜餅、彌月、特殊折扣及節慶商品)(不得共用其他優惠)【持會員卡或員工證】,2018/5/22 0:00,08-7661675,屏東市中正路77號
桃園市,餐飲,LaWISH樂而喜餐廳,免收10%服務費【持會員卡或員工證】,2018/5/23 0:00,03-3319255,桃園市桃園區中山路467號
台北市,其他,大衛美語-復興校,報名團體課程95折，購買書籍教材8折(不得共用其他優惠)【持會員卡或員工證】,2018/5/24 0:00,02-87929933,台北市南京東路三段260號3樓
台北市,其他,大衛美語-內湖校,報名團體課程95折，購買書籍教材8折(不得共用其他優惠)【持會員卡或員工證】,2018/5/25 0:00,02-87929933,台北市內湖區成功路4段143號2樓
屏東縣,休閒農場,大武山休閒農場,1.住宿平日8折、假日9折  2.餐飲9折  3.文創產品、DIY教學、導覽一律9折  (春節假日除外)【持會員卡或員工證】,2018/5/26 0:00,08-7920332,屏東縣泰武鄉武潭村老潭巷40號
新北市,其他,大衛美語-淡水校,報名團體課程95折，購買書籍教材8折(不得共用其他優惠)【持會員卡或員工證】,2018/5/27 0:00,02-26233223,新北市淡水區學府路28號6樓
宜蘭縣,其他,凱鯨號,船票9折【持會員卡或員工證】,2018/5/28 0:00,039-776888,宜蘭縣頭城鎮濱海路3段248號
屏東縣,汽車旅館,格尚庭園汽車旅館,1.住宿優惠180元送早餐2份水果一盒(咖啡、養生茶2選1)  2.休息(3小時)有車庫房優惠100元水果一份(咖啡、養生茶2選1)(不得共用其他優惠)【持會員卡或員工證】,2018/5/29 0:00,08-7512888,屏東市大豐路88號
基隆市,農特產,基隆泉利米香,米香系列產品買15送1【持會員卡或員工證】,2018/5/30 0:00,02-24231698,基隆市信二路219號
台東縣,租車,弘義單車,腳踏8折、電動9折【持會員卡或員工證】,2018/5/31 0:00,0982-681911,台東縣池上鄉新興村10鄰100號
屏東縣,飯店旅館民宿,山中天特色民宿,用餐及原住民各項藝品住宿95折【持會員卡或員工證】,2018/6/1 0:00,08-7993440,屏東縣三地門鄉中正路一段10-1號
屏東縣,餐飲,山中天休閒餐廳,用餐及原住民各項藝品住宿95折【持會員卡或員工證】,2018/6/2 0:00,08-7993440,屏東縣三地門鄉中正路一段10-1號
新北市,其他,大衛美語-新店校,報名團體課程95折，購買書籍教材8折(不得共用其他優惠)【持會員卡或員工證】,2018/6/3 0:00,02-89110877,新北市新店區北新路二段262號3樓之3
新北市,其他,大衛美語-蘆洲校,報名團體課程95折，購買書籍教材8折(不得共用其他優惠)【持會員卡或員工證】,2018/6/4 0:00,02-22826663,新北市蘆洲區中山一路29號
新北市,其他,大衛美語-中和校,報名團體課程95折，購買書籍教材8折(不得共用其他優惠)【持會員卡或員工證】,2018/6/5 0:00,02-22267123,新北市中和區連城路361號2樓
基隆市,其他,Good狗寵物造型,消費贈寵物小零嘴【持會員卡或員工證】,2018/6/6 0:00,02-24222293,基隆市信一路27號
澎湖縣,服飾,專工服裝店,服裝8折【持會員卡或員工證】,2018/6/7 0:00,06-9275608,澎湖縣馬公市仁愛路37號
桃園市,飯店旅館民宿,大都會旅館,住宿95折(特殊節慶除外)【持會員卡或員工證】,2018/6/8 0:00,03-2173000,桃園市延壽街121-15號
桃園市,食品行,龍情花生糖-桃園新站店,龍情系列商品滿3000元95折(特價品及外製品除外)【持會員卡或員工證】,2018/6/9 0:00,03-3671141,桃園市桃園區中正路1號2樓
桃園市,食品行,龍情花生糖-魔幻豆子主題館(桃園慈湖店),龍情系列商品滿3000元95折(特價品及外製品除外)【持會員卡或員工證】,2018/6/10 0:00,03-3870489,桃園市大溪區復興路一段900號
新北市,食品行,龍情花生糖-板橋中山店,龍情系列商品滿3000元95折(特價品及外製品除外)【持會員卡或員工證】,2018/6/11 0:00,02-29649714,新北市板橋區中山路2段337號
台南市,汽車旅館,愛丁堡汽車旅館,平日住宿優惠200元(限豪華房型及浪漫三溫暖房型)【持會員卡或員工證】,2018/6/12 0:00,06-2970116,台南市安平區永華五街77號
桃園市,食品行,龍情花生糖-平鎮延平店,龍情系列商品滿3000元95折(特價品及外製品除外)【持會員卡或員工證】,2018/6/13 0:00,03-4272955,桃園市平鎮區延平路一段57號
桃園市,食品行,龍情花生糖-中壢環北店,龍情系列商品滿3000元95折(特價品及外製品除外)【持會員卡或員工證】,2018/6/14 0:00,03-4618534,桃園市中壢區延平路124號
桃園市,食品行,龍情花生糖-桃園中正店,龍情系列商品滿3000元95折(特價品及外製品除外)【持會員卡或員工證】,2018/6/15 0:00,03-3312532,桃園市桃園區中正路364號
桃園市,食品行,龍情花生糖-桃園經國店,龍情系列商品滿3000元95折(特價品及外製品除外)【持會員卡或員工證】,2018/6/16 0:00,03-3567829,桃園市桃園區經國路589號
桃園市,食品行,龍情花生糖-龍潭總店,龍情系列商品滿3000元95折(特價品及外製品除外)【持會員卡或員工證】,2018/6/17 0:00,03-4896569,桃園市龍潭區龍元路164號
桃園市,食品行,龍情花生糖-龍潭大昌店,龍情系列商品滿3000元95折(特價品及外製品除外)【持會員卡或員工證】,2018/6/18 0:00,03-4895511,桃園市龍潭區大昌路二段210號
台北市,食品行,龍情花生糖-台北店,龍情系列商品滿3000元95折(特價品及外製品除外)【持會員卡或員工證】,2018/6/19 0:00,02-25935446,台北市重慶北路三段166號
高雄市,珠寶,引雅 CITY  DIAMOND高雄漢神百貨,專櫃正品7折、特價商品85折優惠,2018/6/20 0:00,07-2729-912,高雄市前金區成功一路266-1號4F
苗栗縣,農特產,百茶文化園,購買世界養生茶、山西老陳醋享9折【持會員卡或員工證】,2018/6/21 0:00,037-252667,苗栗縣頭屋鄉象山路188號
苗栗縣,農特產,郭家莊醬園,購買郭家莊產品系列買千送百，未滿千元享95折【持會員卡或員工證】,2018/6/22 0:00,037-228658,苗栗縣公館鄉福星村214之2號
台北市,茶坊,振信茗茶-天母總店,商品9折(特價促銷商品除外)【持會員卡或員工證】,2018/6/23 0:00,02-28762762,台北市中山北路七段119號
台北市,茶坊,振信茗茶-衡陽新形象概念店,商品9折(特價促銷商品除外)【持會員卡或員工證】,2018/6/24 0:00,02-23618323,台北市衡陽路47號
台北市,茶坊,振信茗茶-復興新形象概念店,商品9折(特價促銷商品除外)【持會員卡或員工證】,2018/6/25 0:00,02-27114590,台北市復興南路一段34號
花蓮縣,租車,艾維士租車-宜蘭羅東站,平日65折、假日75折。  ※備註:  1.持會員卡或員工證。  2.平日:週一至週四，假日:週五至週日及連續3日(含)以上。  3.須提前預約並支付訂金:平日三天前，假日七天前。  4.不適用於春節期間及進口車輛。,2018/6/26 0:00,039-559778,宜蘭縣羅東鎮站東路348號
新竹縣,食品行,隆源餅行,自製品95折(寄賣品不適用、不得共用其他優惠)【持會員卡或員工證】,2018/6/27 0:00,03-5802337,新竹縣北埔鄉中正路16號
台北市,租車,艾維士租車-台北站,平日65折、假日75折。  ※備註:  1.持會員卡或員工證。  2.平日:週一至週四，假日:週五至週日及連續3日(含)以上。  3.須提前預約並支付訂金:平日三天前，假日七天前。  4.不適用於春節期間及進口車輛。,2018/6/28 0:00,02-25995033,台北市承德路三段276號
新北市,租車,艾維士租車-台北新莊站,平日65折、假日75折。  ※備註:  1.持會員卡或員工證。  2.平日:週一至週四，假日:週五至週日及連續3日(含)以上。  3.須提前預約並支付訂金:平日三天前，假日七天前。  4.不適用於春節期間及進口車輛。,2018/6/29 0:00,02-29049558,新北市新莊區中正路486之1號
桃園市,租車,艾維士租車-桃園機場站,平日65折、假日75折。  ※備註:  1.持會員卡或員工證。  2.平日:週一至週四，假日:週五至週日及連續3日(含)以上。  3.須提前預約並支付訂金:平日三天前，假日七天前。  4.不適用於春節期間及進口車輛。,2018/6/30 0:00,03-3862555,桃園縣大園鄉中正東路262號
新竹市,租車,艾維士租車-新竹站,平日65折、假日75折。  ※備註:  1.持會員卡或員工證。  2.平日:週一至週四，假日:週五至週日及連續3日(含)以上。  3.須提前預約並支付訂金:平日三天前，假日七天前。  4.不適用於春節期間及進口車輛。,2018/7/1 0:00,03-6668123,新竹市東區光復路一段580號
台中市,租車,艾維士租車-台中高鐵站,平日65折、假日75折。  ※備註:  1.持會員卡或員工證。  2.平日:週一至週四，假日:週五至週日及連續3日(含)以上。  3.須提前預約並支付訂金:平日三天前，假日七天前。  4.不適用於春節期間及進口車輛。,2018/7/2 0:00,04-23377666,台中市烏日區站區二路185、187、189號
嘉義縣,租車,艾維士租車-嘉義站,平日65折、假日75折。  ※備註:  1.持會員卡或員工證。  2.平日:週一至週四，假日:週五至週日及連續3日(含)以上。  3.須提前預約並支付訂金:平日三天前，假日七天前。  4.不適用於春節期間及進口車輛。,2018/7/3 0:00,05-3625099,嘉義縣朴子市嘉朴路西段73號
台南市,租車,艾維士租車-台南站,平日65折、假日75折。  ※備註:  1.持會員卡或員工證。  2.平日:週一至週四，假日:週五至週日及連續3日(含)以上。  3.須提前預約並支付訂金:平日三天前，假日七天前。  4.不適用於春節期間及進口車輛。,2018/7/4 0:00,06-3032828,台南市歸仁區中正南路二段13號
高雄市,租車,艾維士租車-高雄站,平日65折、假日75折。  ※備註:  1.持會員卡或員工證。  2.平日:週一至週四，假日:週五至週日及連續3日(含)以上。  3.須提前預約並支付訂金:平日三天前，假日七天前。  4.不適用於春節期間及進口車輛。,2018/7/5 0:00,07-3482666,高雄市左營區重信路623-2號
台東縣,租車,艾維士租車-台東站,平日65折、假日75折。  ※備註:  1.持會員卡或員工證。  2.平日:週一至週四，假日:週五至週日及連續3日(含)以上。  3.須提前預約並支付訂金:平日三天前，假日七天前。  4.不適用於春節期間及進口車輛。,2018/7/6 0:00,089-222317,台東市新站路221號
台東縣,租車,艾維士租車-台東豐年機場站,平日65折、假日75折。  ※備註:  1.持會員卡或員工證。  2.平日:週一至週四，假日:週五至週日及連續3日(含)以上。  3.須提前預約並支付訂金:平日三天前，假日七天前。  4.不適用於春節期間及進口車輛。,2018/7/7 0:00,089-222317,台東縣台東市民航路1100號
花蓮縣,租車,艾維士租車-花蓮車站前站,平日65折、假日75折。  ※備註:  1.持會員卡或員工證。  2.平日:週一至週四，假日:週五至週日及連續3日(含)以上。  3.須提前預約並支付訂金:平日三天前，假日七天前。  4.不適用於春節期間及進口車輛。,2018/7/8 0:00,038-338811,花蓮市國聯一路138之1號
花蓮縣,租車,艾維士租車-花蓮車站後站,平日65折、假日75折。  ※備註:  1.持會員卡或員工證。  2.平日:週一至週四，假日:週五至週日及連續3日(含)以上。  3.須提前預約並支付訂金:平日三天前，假日七天前。  4.不適用於春節期間及進口車輛。,2018/7/9 0:00,038-560022,花蓮巿富吉路2-5號
花蓮縣,租車,艾維士租車-花蓮機場站,平日65折、假日75折。  ※備註:  1.持會員卡或員工證。  2.平日:週一至週四，假日:週五至週日及連續3日(含)以上。  3.須提前預約並支付訂金:平日三天前，假日七天前。  4.不適用於春節期間及進口車輛。,2018/7/10 0:00,038-338811,花蓮縣新城鄉機場巷1號
花蓮縣,租車,艾維士租車-花蓮玉里站,平日65折、假日75折。  ※備註:  1.持會員卡或員工證。  2.平日:週一至週四，假日:週五至週日及連續3日(含)以上。  3.須提前預約並支付訂金:平日三天前，假日七天前。  4.不適用於春節期間及進口車輛。,2018/7/11 0:00,038-880414,花蓮縣玉里鎮光復路164號
台中市,租車,艾維士租車-台中總站,平日65折、假日75折。  ※備註:  1.持會員卡或員工證。  2.平日:週一至週四，假日:週五至週日及連續3日(含)以上。  3.須提前預約並支付訂金:平日三天前，假日七天前。  4.不適用於春節期間及進口車輛。,2018/7/12 0:00,04-23134333,台中市西屯區臺灣大道二段718號
台中市,租車,艾維士租車-台中機場站,平日65折、假日75折。  ※備註:  1.持會員卡或員工證。  2.平日:週一至週四，假日:週五至週日及連續3日(含)以上。  3.須提前預約並支付訂金:平日三天前，假日七天前。  4.不適用於春節期間及進口車輛。,2018/7/13 0:00,04-26153999,台中市沙鹿區中航路一段169號
台北市,旅行社,洋明旅行社,團體旅遊、自由行團費95折，國際機票加贈1000萬飛安險，行李束帶每人一個【持會員卡或員工證】,2018/7/14 0:00,02-25066766,台北市中山區松江路185號9樓902室
宜蘭縣,飯店旅館民宿,幸福星空精品旅店,住宿含早餐:平日一人3.5折雙人以上4.5折；假日一人4.5折雙人以上6折【持會員卡或員工證】,2018/7/15 0:00,039-552877,宜蘭縣羅東鎮公正路27號9樓
台北市,生活用品,鼎王鵝媽媽鍋具-新光信義A8館,正品8折再95折/特價品95折【持會員卡或員工證】,2018/7/16 0:00,02-27231889,台北市信義區松高路12號7樓
台北市,生活用品,鼎王鵝媽媽鍋具-新光南西店,正品8折再95折/特價品95折【持會員卡或員工證】,2018/7/17 0:00,0936-938089,台北市中山區南京西路12號7樓
台中市,生活用品,鼎王鵝媽媽鍋具-sogo廣三,正品8折再95折/特價品95折【持會員卡或員工證】,2018/7/18 0:00,04-23288246,台中市西區台灣大道二段459號10樓
嘉義市,生活用品,鼎王鵝媽媽鍋具-嘉義耐斯松屋,正品8折再95折/特價品95折【持會員卡或員工證】,2018/7/19 0:00,05-2752848,嘉義市東區忠孝路600號B1
台南市,生活用品,鼎王鵝媽媽鍋具-台南大遠百,正品8折再95折/特價品95折【持會員卡或員工證】,2018/7/20 0:00,06-2752959,台南市東區前鋒路210號6樓
台北市,生活用品,鼎王鵝媽媽鍋具-sogo忠孝店,正品8折再95折/特價品95折【持會員卡或員工證】,2018/7/21 0:00,02-77113337,台北市大安區忠孝東路四段45號8樓
台北市,生活用品,鼎王鵝媽媽鍋具-sogo敦南店,正品8折再95折/特價品95折【持會員卡或員工證】,2018/7/22 0:00,0915-060601,台北市大安區敦化南路一段246號B2
台北市,生活用品,鼎王鵝媽媽鍋具-sogo天母店,正品8折再95折/特價品95折【持會員卡或員工證】,2018/7/23 0:00,02-28348908,台北市士林區中山北路六段77號
高雄市,生活用品,鼎王鵝媽媽鍋具-漢神巨蛋,正品8折再95折/特價品95折【持會員卡或員工證】,2018/7/24 0:00,07-5224060,高雄市左營區博愛二路777號B1
高雄市,生活用品,鼎王鵝媽媽鍋具-高雄大遠百,正品8折再95折/特價品95折【持會員卡或員工證】,2018/7/25 0:00,07-5363081,高雄市苓雅區三多四路21號10樓
屏東縣,生活用品,鼎王鵝媽媽鍋具-屏東太平洋,正品8折再95折/特價品95折【持會員卡或員工證】,2018/7/26 0:00,08-7333924,屏東縣屏東市中正路72號
花蓮縣,生活用品,鼎王鵝媽媽鍋具-花蓮遠東,正品8折再95折/特價品95折【持會員卡或員工證】,2018/7/27 0:00,038-334247,花蓮縣花蓮市和平路581號2樓
宜蘭縣,生活用品,鼎王鵝媽媽鍋具-宜蘭新月廣場,正品8折再95折/特價品95折【持會員卡或員工證】,2018/7/28 0:00,039-314368,宜蘭縣宜蘭市民權路二段38巷6號3樓
桃園市,生活用品,鼎王鵝媽媽鍋具-桃園大江,正品8折再95折/特價品95折【持會員卡或員工證】,2018/7/29 0:00,03-4680603,桃園市中壢區中園路二段509號B1
桃園市,生活用品,鼎王鵝媽媽鍋具-桃園遠東,正品8折再95折/特價品95折【持會員卡或員工證】,2018/7/30 0:00,03-2702233,桃園市桃園區中正路20號10樓
台北市,生活用品,鼎王鵝媽媽鍋具-新光站前店,正品8折再95折/特價品95折【持會員卡或員工證】,2018/7/31 0:00,02-23710862,台北市中正區忠孝西路一段66號10樓
台中市,生活用品,鼎王鵝媽媽鍋具-台中大遠百,正品8折再95折/特價品95折【持會員卡或員工證】,2018/8/1 0:00,04-37032438,台中市西屯區台灣大道三段251號9樓
台中市,生活用品,鼎王鵝媽媽鍋具-台中中友,正品8折再95折/特價品95折【持會員卡或員工證】,2018/8/2 0:00,04-22251450,台中市北區三民路三段161號11樓
台北市,生活用品,鼎王鵝媽媽鍋具-大葉高島屋,正品8折再95折/特價品95折【持會員卡或員工證】,2018/8/3 0:00,02-28387881,台北市士林區忠誠路二段55號12樓
新北市,生活用品,鼎王鵝媽媽鍋具-板橋大遠百,正品8折再95折/特價品95折【持會員卡或員工證】,2018/8/4 0:00,02-29589398,新北市板橋區中山路一段152號7樓
新北市,生活用品,鼎王鵝媽媽鍋具-中和環球,正品8折再95折/特價品95折【持會員卡或員工證】,2018/8/5 0:00,0932-059639,新北市中和區中山路三段122號B2
新北市,生活用品,鼎王鵝媽媽鍋具-永和比漾廣場,正品8折再95折/特價品95折【持會員卡或員工證】,2018/8/6 0:00,02-82315276,新北市永和區中山路一段238號5樓
台北市,生活用品,鼎王鵝嬤嬤鍋具-台北萬華店,正品8折再95折/特價品95折【持會員卡或員工證】,2018/8/7 0:00,,台北市西昌街147號
台北市,生活用品,鼎王鵝媽媽鍋具-京華城,正品8折再95折/特價品95折【持會員卡或員工證】,2018/8/8 0:00,02-37622557,臺北市松山區八德路四段138號6F
新北市,生活用品,鼎王鵝媽媽鍋具-板橋遠東百貨,正品8折再95折/特價品95折【持會員卡或員工證】,2018/8/9 0:00,02-29567396,新北市板橋區中山路一段152號10樓
新北市,生活用品,鼎王鵝媽媽鍋具-中和旗艦店,正品8折再95折/特價品95折【持會員卡或員工證】,2018/8/10 0:00,02-89780688,新北市中和區中正路288號1樓
新北市,生活用品,鼎王鵝媽媽鍋具-林口圓熊店,正品8折再95折/特價品95折【持會員卡或員工證】,2018/8/11 0:00,,新北市林口區仁愛路二段514號
桃園市,生活用品,鼎王鵝媽媽鍋具-新光大有店,正品8折再95折/特價品95折【持會員卡或員工證】,2018/8/12 0:00,03-3315408,桃園市桃園區大有路189號B1
新竹市,生活用品,鼎王鵝媽媽鍋具-sogo站前店,正品8折再95折/特價品95折【持會員卡或員工證】,2018/8/13 0:00,03-5216887,新竹市東區民族路2號9樓
高雄市,生活用品,鼎王鵝媽媽鍋具-漢神百貨,正品8折再95折/特價品95折【持會員卡或員工證】,2018/8/14 0:00,07-2158486,高雄市前金區成功一路266-1號7樓
新竹市,生活用品,鼎王鵝媽媽鍋具-新竹大遠百,正品8折再95折/特價品95折【持會員卡或員工證】,2018/8/15 0:00,03-5238725,新竹市東區西大路323號5樓
新竹市,生活用品,鼎王鵝媽媽鍋具-新竹巨城,正品8折再95折/特價品95折【持會員卡或員工證】,2018/8/16 0:00,03-6231089,新竹市東區中央路239號6樓
台中市,生活用品,鼎王鵝媽媽鍋具-新光中港店,正品8折再95折/特價品95折【憑會員卡或員工證】,2018/8/17 0:00,04-22515665,台中市西屯區台灣大道三段301號8樓
雲林縣,咖啡簡餐,風佳人文咖啡館-斗六店,9折(特惠活動及春節除外)【持會員卡或員工證】,2018/8/18 0:00,05-5371212,雲林縣斗六市民生南路192號
台北市,按摩,太極堂足體養生會館-忠孝店,各單項服務項目現金原價9折【持會員卡或員工證】,2018/8/19 0:00,02-33433926,台北市中正區忠孝東路二段72號
台北市,按摩,太極堂足體養生會館-市府店,各單項服務項目現金原價9折【持會員卡或員工證】,2018/8/20 0:00,02-27633233,台北市信義區忠孝東路五段153號2樓
台北市,按摩,太極堂足體養生會館-民生店,各單項服務項目現金原價9折【持會員卡或員工證】,2018/8/21 0:00,02-25366600,台北市中山區民生東路二段106號
台中市,眼鏡,寶島眼鏡-大雅雅潭路,1.一般眼鏡及太陽眼鏡依定價享7折(限配整付)。  2.長戴式隱形眼鏡8折，附贈隱形眼鏡保養套一組。  備註:  1.持會員卡或員工證。  2.拋棄式隱形眼鏡、促銷與特價商品、特殊品牌、藥水及訂製片除外。,2018/8/22 0:00,04-36095899,台中市大雅區學府路204號
台中市,眼鏡,寶島眼鏡-台中河南路,1.一般眼鏡及太陽眼鏡依定價享7折(限配整付)。  2.長戴式隱形眼鏡8折，附贈隱形眼鏡保養套一組。  備註:  1.持會員卡或員工證。  2.拋棄式隱形眼鏡、促銷與特價商品、特殊品牌、藥水及訂製片除外。,2018/8/23 0:00,04-36091699,台中市西屯區河南路二段432之7號1樓
台北市,眼鏡,寶島眼鏡-和平東路,1.一般眼鏡及太陽眼鏡依定價享7折(限配整付)。  2.長戴式隱形眼鏡8折，附贈隱形眼鏡保養套一組。  備註:  1.持會員卡或員工證。  2.拋棄式隱形眼鏡、促銷與特價商品、特殊品牌、藥水及訂製片除外。,2018/8/24 0:00,02-27045868,台北市大安區和平東路二段195號
新北市,眼鏡,寶島眼鏡-蘆洲民族路,1.一般眼鏡及太陽眼鏡依定價享7折(限配整付)。  2.長戴式隱形眼鏡8折，附贈隱形眼鏡保養套一組。  備註:  1.持會員卡或員工證。  2.拋棄式隱形眼鏡、促銷與特價商品、特殊品牌、藥水及訂製片除外。,2018/8/25 0:00,02-66376797,新北市蘆洲區民族路403號
高雄市,眼鏡,寶島眼鏡-楠梓德賢路,1.一般眼鏡及太陽眼鏡依定價享7折(限配整付)。  2.長戴式隱形眼鏡8折，附贈隱形眼鏡保養套一組。  備註:  1.持會員卡或員工證。  2.拋棄式隱形眼鏡、促銷與特價商品、特殊品牌、藥水及訂製片除外。,2018/8/26 0:00,07-9631505,高雄市楠梓區德賢路249號
台北市,眼鏡,寶島眼鏡-民權東路,1.一般眼鏡及太陽眼鏡依定價享7折(限配整付)。  2.長戴式隱形眼鏡8折，附贈隱形眼鏡保養套一組。  備註:  1.持會員卡或員工證。  2.拋棄式隱形眼鏡、促銷與特價商品、特殊品牌、藥水及訂製片除外。,2018/8/27 0:00,02-66176561,台北市中山區民權東路二段45號1樓
台中市,眼鏡,寶島眼鏡-台中青海路,1.一般眼鏡及太陽眼鏡依定價享7折(限配整付)。  2.長戴式隱形眼鏡8折，附贈隱形眼鏡保養套一組。  備註:  1.持會員卡或員工證。  2.拋棄式隱形眼鏡、促銷與特價商品、特殊品牌、藥水及訂製片除外。,2018/8/28 0:00,04-36093595,台中市西屯區青海路一段81-2號
台中市,眼鏡,寶島眼鏡-台中新陽明,1.一般眼鏡及太陽眼鏡依定價享7折(限配整付)。  2.長戴式隱形眼鏡8折，附贈隱形眼鏡保養套一組。  備註:  1.持會員卡或員工證。  2.拋棄式隱形眼鏡、促銷與特價商品、特殊品牌、藥水及訂製片除外。,2018/8/29 0:00,04-36095158,台中市北區五權路232號6樓
桃園市,眼鏡,寶島眼鏡-觀音大觀路,1.一般眼鏡及太陽眼鏡依定價享7折(限配整付)。  2.長戴式隱形眼鏡8折，附贈隱形眼鏡保養套一組。  備註:  1.持會員卡或員工證。  2.拋棄式隱形眼鏡、促銷與特價商品、特殊品牌、藥水及訂製片除外。,2018/8/30 0:00,03-2630409,桃園市觀音區大觀路二段102號
台中市,眼鏡,寶島眼鏡-逢甲福星路,1.一般眼鏡及太陽眼鏡依定價享7折(限配整付)。  2.長戴式隱形眼鏡8折，附贈隱形眼鏡保養套一組。  備註:  1.持會員卡或員工證。  2.拋棄式隱形眼鏡、促銷與特價商品、特殊品牌、藥水及訂製片除外。,2018/8/31 0:00,04-36090755,台中市西屯區福星路399號
基隆市,眼鏡,寶島眼鏡-基隆安一路,1.一般眼鏡及太陽眼鏡依定價享7折(限配整付)。  2.長戴式隱形眼鏡8折，附贈隱形眼鏡保養套一組。  備註:  1.持會員卡或員工證。  2.拋棄式隱形眼鏡、促銷與特價商品、特殊品牌、藥水及訂製片除外。,2018/9/1 0:00,02-24288851,基隆市中山區安一路35號
南投縣,眼鏡,寶島眼鏡-草屯虎山路,1.一般眼鏡及太陽眼鏡依定價享7折(限配整付)。  2.長戴式隱形眼鏡8折，附贈隱形眼鏡保養套一組。  備註:  1.持會員卡或員工證。  2.拋棄式隱形眼鏡、促銷與特價商品、特殊品牌、藥水及訂製片除外。,2018/9/2 0:00,049-6003520,南投縣草屯鎮炎峰里虎山路778號
新北市,眼鏡,寶島眼鏡-瑞芳,1.一般眼鏡及太陽眼鏡依定價享7折(限配整付)。  2.長戴式隱形眼鏡8折，附贈隱形眼鏡保養套一組。  備註:  1.持會員卡或員工證。  2.拋棄式隱形眼鏡、促銷與特價商品、特殊品牌、藥水及訂製片除外。,2018/9/3 0:00,02-24976180,新北市瑞芳區明燈路三段39之9號
高雄市,眼鏡,寶島眼鏡-高雄廣州一街,1.一般眼鏡及太陽眼鏡依定價享7折(限配整付)。  2.長戴式隱形眼鏡8折，附贈隱形眼鏡保養套一組。  備註:  1.持會員卡或員工證。  2.拋棄式隱形眼鏡、促銷與特價商品、特殊品牌、藥水及訂製片除外。,2018/9/4 0:00,07-7254897,高雄市苓雅區廣州一街143號
高雄市,眼鏡,寶島眼鏡-高雄新高,1.一般眼鏡及太陽眼鏡依定價享7折(限配整付)。  2.長戴式隱形眼鏡8折，附贈隱形眼鏡保養套一組。  備註:  1.持會員卡或員工證。  2.拋棄式隱形眼鏡、促銷與特價商品、特殊品牌、藥水及訂製片除外。,2018/9/5 0:00,07-9638248,高雄市三民區莊敬路288號1樓
台中市,眼鏡,寶島眼鏡-台中高工,1.一般眼鏡及太陽眼鏡依定價享7折(限配整付)。  2.長戴式隱形眼鏡8折，附贈隱形眼鏡保養套一組。  備註:  1.持會員卡或員工證。  2.拋棄式隱形眼鏡、促銷與特價商品、特殊品牌、藥水及訂製片除外。,2018/9/6 0:00,04-36095838,台中市南區美村南路104號
宜蘭縣,眼鏡,寶島眼鏡-頭城青雲路,1.一般眼鏡及太陽眼鏡依定價享7折(限配整付)。  2.長戴式隱形眼鏡8折，附贈隱形眼鏡保養套一組。  備註:  1.持會員卡或員工證。  2.拋棄式隱形眼鏡、促銷與特價商品、特殊品牌、藥水及訂製片除外。,2018/9/7 0:00,039-059711,宜蘭縣頭城鎮城東里青雲路三段152號1樓
新竹市,眼鏡,寶島眼鏡-新竹馬偕,1.一般眼鏡及太陽眼鏡依定價享7折(限配整付)。  2.長戴式隱形眼鏡8折，附贈隱形眼鏡保養套一組。  備註:  1.持會員卡或員工證。  2.拋棄式隱形眼鏡、促銷與特價商品、特殊品牌、藥水及訂製片除外。,2018/9/8 0:00,03-6107358,新竹市東區光復路二段225號
屏東縣,眼鏡,寶島眼鏡-屏東內埔,1.一般眼鏡及太陽眼鏡依定價享7折(限配整付)。  2.長戴式隱形眼鏡8折，附贈隱形眼鏡保養套一組。  備註:  1.持會員卡或員工證。  2.拋棄式隱形眼鏡、促銷與特價商品、特殊品牌、藥水及訂製片除外。,2018/9/9 0:00,08-7690068,屏東縣內埔鄉內田村廣濟路303號
南投縣,眼鏡,寶島眼鏡-埔里中正路,1.一般眼鏡及太陽眼鏡依定價享7折(限配整付)。  2.長戴式隱形眼鏡8折，附贈隱形眼鏡保養套一組。  備註:  1.持會員卡或員工證。  2.拋棄式隱形眼鏡、促銷與特價商品、特殊品牌、藥水及訂製片除外。,2018/9/10 0:00,049-2990168,南投縣埔里鎮中正路398號
嘉義縣,眼鏡,寶島眼鏡-嘉義大林,1.一般眼鏡及太陽眼鏡依定價享7折(限配整付)。  2.長戴式隱形眼鏡8折，附贈隱形眼鏡保養套一組。  備註:  1.持會員卡或員工證。  2.拋棄式隱形眼鏡、促銷與特價商品、特殊品牌、藥水及訂製片除外。,2018/9/11 0:00,05-2642777,嘉義縣大林鎮中正路518號
新北市,眼鏡,寶島眼鏡-汐止中興路,1.一般眼鏡及太陽眼鏡依定價享7折(限配整付)。  2.長戴式隱形眼鏡8折，附贈隱形眼鏡保養套一組。  備註:  1.持會員卡或員工證。  2.拋棄式隱形眼鏡、促銷與特價商品、特殊品牌、藥水及訂製片除外。,2018/9/12 0:00,02-26935390,新北市汐止區中興路155號
台中市,眼鏡,寶島眼鏡-大里永興路,1.一般眼鏡及太陽眼鏡依定價享7折(限配整付)。  2.長戴式隱形眼鏡8折，附贈隱形眼鏡保養套一組。  備註:  1.持會員卡或員工證。  2.拋棄式隱形眼鏡、促銷與特價商品、特殊品牌、藥水及訂製片除外。,2018/9/13 0:00,04-24810198,台中市大里區永興路329號
台中市,眼鏡,寶島眼鏡-台中三民路,1.一般眼鏡及太陽眼鏡依定價享7折(限配整付)。  2.長戴式隱形眼鏡8折，附贈隱形眼鏡保養套一組。  備註:  1.持會員卡或員工證。  2.拋棄式隱形眼鏡、促銷與特價商品、特殊品牌、藥水及訂製片除外。,2018/9/14 0:00,04-22275566,台中市北區三民路三段74號
桃園市,眼鏡,寶島眼鏡-八德桃鶯路,1.一般眼鏡及太陽眼鏡依定價享7折(限配整付)。  2.長戴式隱形眼鏡8折，附贈隱形眼鏡保養套一組。  備註:  1.持會員卡或員工證。  2.拋棄式隱形眼鏡、促銷與特價商品、特殊品牌、藥水及訂製片除外。,2018/9/15 0:00,03-3772872,桃園市八德區桃鶯路35號
桃園市,眼鏡,寶島眼鏡-楊梅大成路,1.一般眼鏡及太陽眼鏡依定價享7折(限配整付)。  2.長戴式隱形眼鏡8折，附贈隱形眼鏡保養套一組。  備註:  1.持會員卡或員工證。  2.拋棄式隱形眼鏡、促銷與特價商品、特殊品牌、藥水及訂製片除外。,2018/9/16 0:00,03-4757206,桃園市楊梅區大成路137號
花蓮縣,眼鏡,寶島眼鏡-花蓮中正路,1.一般眼鏡及太陽眼鏡依定價享7折(限配整付)。  2.長戴式隱形眼鏡8折，附贈隱形眼鏡保養套一組。  備註:  1.持會員卡或員工證。  2.拋棄式隱形眼鏡、促銷與特價商品、特殊品牌、藥水及訂製片除外。,2018/9/17 0:00,038-337768,花蓮縣花蓮市中正路462之1號
新北市,眼鏡,寶島眼鏡-新莊幸福路(一),1.一般眼鏡及太陽眼鏡依定價享7折(限配整付)。  2.長戴式隱形眼鏡8折，附贈隱形眼鏡保養套一組。  備註:  1.持會員卡或員工證。  2.拋棄式隱形眼鏡、促銷與特價商品、特殊品牌、藥水及訂製片除外。,2018/9/18 0:00,02-22761183,新北市新莊區幸福路542 號
台東縣,眼鏡,寶島眼鏡-台東中華路,1.一般眼鏡及太陽眼鏡依定價享7折(限配整付)。  2.長戴式隱形眼鏡8折，附贈隱形眼鏡保養套一組。  備註:  1.持會員卡或員工證。  2.拋棄式隱形眼鏡、促銷與特價商品、特殊品牌、藥水及訂製片除外。,2018/9/19 0:00,089-355381,台東縣台東市中華路一段520號
嘉義縣,眼鏡,寶島眼鏡-嘉義朴子,1.一般眼鏡及太陽眼鏡依定價享7折(限配整付)。  2.長戴式隱形眼鏡8折，附贈隱形眼鏡保養套一組。  備註:  1.持會員卡或員工證。  2.拋棄式隱形眼鏡、促銷與特價商品、特殊品牌、藥水及訂製片除外。,2018/9/20 0:00,05-3705401,嘉義縣朴子市山通路35之1號1~2樓
台北市,眼鏡,寶島眼鏡-新北投,1.一般眼鏡及太陽眼鏡依定價享7折(限配整付)。  2.長戴式隱形眼鏡8折，附贈隱形眼鏡保養套一組。  備註:  1.持會員卡或員工證。  2.拋棄式隱形眼鏡、促銷與特價商品、特殊品牌、藥水及訂製片除外。,2018/9/21 0:00,02-28924908,台北市北投區中和街35號
台中市,眼鏡,寶島眼鏡-神岡,1.一般眼鏡及太陽眼鏡依定價享7折(限配整付)。  2.長戴式隱形眼鏡8折，附贈隱形眼鏡保養套一組。  備註:  1.持會員卡或員工證。  2.拋棄式隱形眼鏡、促銷與特價商品、特殊品牌、藥水及訂製片除外。,2018/9/22 0:00,04-25618916,台中市神岡區社南里中山路531號
台北市,眼鏡,寶島眼鏡-西園路,1.一般眼鏡及太陽眼鏡依定價享7折(限配整付)。  2.長戴式隱形眼鏡8折，附贈隱形眼鏡保養套一組。  備註:  1.持會員卡或員工證。  2.拋棄式隱形眼鏡、促銷與特價商品、特殊品牌、藥水及訂製片除外。,2018/9/23 0:00,02-23041900,台北市萬華區西園路一段214之3號
台中市,眼鏡,寶島眼鏡-台中崇德路,1.一般眼鏡及太陽眼鏡依定價享7折(限配整付)。  2.長戴式隱形眼鏡8折，附贈隱形眼鏡保養套一組。  備註:  1.持會員卡或員工證。  2.拋棄式隱形眼鏡、促銷與特價商品、特殊品牌、藥水及訂製片除外。,2018/9/24 0:00,04-36093266,台中市北屯區崇德路二段2號
宜蘭縣,眼鏡,寶島眼鏡-蘇澳中山路,1.一般眼鏡及太陽眼鏡依定價享7折(限配整付)。  2.長戴式隱形眼鏡8折，附贈隱形眼鏡保養套一組。  備註:  1.持會員卡或員工證。  2.拋棄式隱形眼鏡、促銷與特價商品、特殊品牌、藥水及訂製片除外。,2018/9/25 0:00,039-055108,宜蘭縣蘇澳鎮中山路一段154號1樓
新北市,眼鏡,寶島眼鏡-板橋諾貝爾,1.一般眼鏡及太陽眼鏡依定價享7折(限配整付)。  2.長戴式隱形眼鏡8折，附贈隱形眼鏡保養套一組。  備註:  1.持會員卡或員工證。  2.拋棄式隱形眼鏡、促銷與特價商品、特殊品牌、藥水及訂製片除外。,2018/9/26 0:00,02-66372826,新北市板橋區中山路一段2-2號1樓
台中市,眼鏡,寶島眼鏡-台中健行路,1.一般眼鏡及太陽眼鏡依定價享7折(限配整付)。  2.長戴式隱形眼鏡8折，附贈隱形眼鏡保養套一組。  備註:  1.持會員卡或員工證。  2.拋棄式隱形眼鏡、促銷與特價商品、特殊品牌、藥水及訂製片除外。,2018/9/27 0:00,04-36095782,台中市北區淡溝里健行路869號1樓
新北市,眼鏡,寶島眼鏡-五股成泰路,1.一般眼鏡及太陽眼鏡依定價享7折(限配整付)。  2.長戴式隱形眼鏡8折，附贈隱形眼鏡保養套一組。  備註:  1.持會員卡或員工證。  2.拋棄式隱形眼鏡、促銷與特價商品、特殊品牌、藥水及訂製片除外。,2018/9/28 0:00,02-22938479,新北市五股區成泰路二段160號
台中市,眼鏡,寶島眼鏡-台中永福路,1.一般眼鏡及太陽眼鏡依定價享7折(限配整付)。  2.長戴式隱形眼鏡8折，附贈隱形眼鏡保養套一組。  備註:  1.持會員卡或員工證。  2.拋棄式隱形眼鏡、促銷與特價商品、特殊品牌、藥水及訂製片除外。,2018/9/29 0:00,04-36091909,台中市西屯區永福路47號1樓
台北市,眼鏡,寶島眼鏡-延吉街,1.一般眼鏡及太陽眼鏡依定價享7折(限配整付)。  2.長戴式隱形眼鏡8折，附贈隱形眼鏡保養套一組。  備註:  1.持會員卡或員工證。  2.拋棄式隱形眼鏡、促銷與特價商品、特殊品牌、藥水及訂製片除外。,2018/9/30 0:00,02-27730130,台北市大安區延吉街110之1號
台中市,眼鏡,寶島眼鏡-台中惠文,1.一般眼鏡及太陽眼鏡依定價享7折(限配整付)。  2.長戴式隱形眼鏡8折，附贈隱形眼鏡保養套一組。  備註:  1.持會員卡或員工證。  2.拋棄式隱形眼鏡、促銷與特價商品、特殊品牌、藥水及訂製片除外。,2018/10/1 0:00,04-36095732,台中市南屯區公益路二段509號
台北市,眼鏡,寶島眼鏡-信義大安,1.一般眼鏡及太陽眼鏡依定價享7折(限配整付)。  2.長戴式隱形眼鏡8折，附贈隱形眼鏡保養套一組。  備註:  1.持會員卡或員工證。  2.拋棄式隱形眼鏡、促銷與特價商品、特殊品牌、藥水及訂製片除外。,2018/10/2 0:00,02-66175898,台北市大安區信義路四段38號
台北市,眼鏡,寶島眼鏡-延平北路,1.一般眼鏡及太陽眼鏡依定價享7折(限配整付)。  2.長戴式隱形眼鏡8折，附贈隱形眼鏡保養套一組。  備註:  1.持會員卡或員工證。  2.拋棄式隱形眼鏡、促銷與特價商品、特殊品牌、藥水及訂製片除外。,2018/10/3 0:00,02-66130685,台北市大同區延平北路二段117號
台北市,眼鏡,寶島眼鏡-社頭,1.一般眼鏡及太陽眼鏡依定價享7折(限配整付)。  2.長戴式隱形眼鏡8折，附贈隱形眼鏡保養套一組。  備註:  1.持會員卡或員工證。  2.拋棄式隱形眼鏡、促銷與特價商品、特殊品牌、藥水及訂製片除外。,2018/10/4 0:00,04-7001823,彰化縣社頭鄉員集路二段263號
台北市,眼鏡,寶島眼鏡-光復南路,1.一般眼鏡及太陽眼鏡依定價享7折(限配整付)。  2.長戴式隱形眼鏡8折，附贈隱形眼鏡保養套一組。  備註:  1.持會員卡或員工證。  2.拋棄式隱形眼鏡、促銷與特價商品、特殊品牌、藥水及訂製片除外。,2018/10/5 0:00,02-66130693,台北市信義區光復南路479號
台北市,眼鏡,寶島眼鏡-天母北路,1.一般眼鏡及太陽眼鏡依定價享7折(限配整付)。  2.長戴式隱形眼鏡8折，附贈隱形眼鏡保養套一組。  備註:  1.持會員卡或員工證。  2.拋棄式隱形眼鏡、促銷與特價商品、特殊品牌、藥水及訂製片除外。,2018/10/6 0:00,02-66131120,台北市士林區天母北路1號
宜蘭縣,眼鏡,寶島眼鏡-宜蘭神農路,1.一般眼鏡及太陽眼鏡依定價享7折(限配整付)。  2.長戴式隱形眼鏡8折，附贈隱形眼鏡保養套一組。  備註:  1.持會員卡或員工證。  2.拋棄式隱形眼鏡、促銷與特價商品、特殊品牌、藥水及訂製片除外。,2018/10/7 0:00,039-055161,宜蘭縣宜蘭市神農路一段62號1樓
台北市,眼鏡,寶島眼鏡-北車微風,1.一般眼鏡及太陽眼鏡依定價享7折(限配整付)。  2.長戴式隱形眼鏡8折，附贈隱形眼鏡保養套一組。  備註:  1.持會員卡或員工證。  2.拋棄式隱形眼鏡、促銷與特價商品、特殊品牌、藥水及訂製片除外。,2018/10/8 0:00,02-66177389,台北市中正區北平西路3號1樓
新北市,眼鏡,寶島眼鏡-永和竹林路,1.一般眼鏡及太陽眼鏡依定價享7折(限配整付)。  2.長戴式隱形眼鏡8折，附贈隱形眼鏡保養套一組。  備註:  1.持會員卡或員工證。  2.拋棄式隱形眼鏡、促銷與特價商品、特殊品牌、藥水及訂製片除外。,2018/10/9 0:00,02-66374788,新北市永和區竹林路214號1樓
新北市,眼鏡,寶島眼鏡-蘆竹奉化路,1.一般眼鏡及太陽眼鏡依定價享7折(限配整付)。  2.長戴式隱形眼鏡8折，附贈隱形眼鏡保養套一組。  備註:  1.持會員卡或員工證。  2.拋棄式隱形眼鏡、促銷與特價商品、特殊品牌、藥水及訂製片除外。,2018/10/10 0:00,03-2634568,桃園市蘆竹區南興村4鄰奉化路146號
新北市,眼鏡,寶島眼鏡-新店中央路,1.一般眼鏡及太陽眼鏡依定價享7折(限配整付)。  2.長戴式隱形眼鏡8折，附贈隱形眼鏡保養套一組。  備註:  1.持會員卡或員工證。  2.拋棄式隱形眼鏡、促銷與特價商品、特殊品牌、藥水及訂製片除外。,2018/10/11 0:00,02-66374358,新北市新店區福民里中央路137號
高雄市,眼鏡,寶島眼鏡-高雄草衙,1.一般眼鏡及太陽眼鏡依定價享7折(限配整付)。  2.長戴式隱形眼鏡8折，附贈隱形眼鏡保養套一組。  備註:  1.持會員卡或員工證。  2.拋棄式隱形眼鏡、促銷與特價商品、特殊品牌、藥水及訂製片除外。,2018/10/12 0:00,07-8115599,高雄市前鎮區草衙二路381號
台中市,眼鏡,寶島眼鏡-潭子,1.一般眼鏡及太陽眼鏡依定價享7折(限配整付)。  2.長戴式隱形眼鏡8折，附贈隱形眼鏡保養套一組。  備註:  1.持會員卡或員工證。  2.拋棄式隱形眼鏡、促銷與特價商品、特殊品牌、藥水及訂製片除外。,2018/10/13 0:00,04-25320691,台中市潭子區中山路二段365號
高雄市,眼鏡,寶島眼鏡-高雄裕誠路,1.一般眼鏡及太陽眼鏡依定價享7折(限配整付)。  2.長戴式隱形眼鏡8折，附贈隱形眼鏡保養套一組。  備註:  1.持會員卡或員工證。  2.拋棄式隱形眼鏡、促銷與特價商品、特殊品牌、藥水及訂製片除外。,2018/10/14 0:00,07-5227890,高雄市鼓山區裕誠路1198號
台中市,眼鏡,寶島眼鏡-豐原向陽路,1.一般眼鏡及太陽眼鏡依定價享7折(限配整付)。  2.長戴式隱形眼鏡8折，附贈隱形眼鏡保養套一組。  備註:  1.持會員卡或員工證。  2.拋棄式隱形眼鏡、促銷與特價商品、特殊品牌、藥水及訂製片除外。,2018/10/15 0:00,04-25245128,台中市豐原區向陽路288號
高雄市,眼鏡,寶島眼鏡-高雄大社,1.一般眼鏡及太陽眼鏡依定價享7折(限配整付)。  2.長戴式隱形眼鏡8折，附贈隱形眼鏡保養套一組。  備註:  1.持會員卡或員工證。  2.拋棄式隱形眼鏡、促銷與特價商品、特殊品牌、藥水及訂製片除外。,2018/10/16 0:00,07-3518929,高雄市大社區中山路329號
宜蘭縣,眼鏡,寶島眼鏡-礁溪礁溪路,1.一般眼鏡及太陽眼鏡依定價享7折(限配整付)。  2.長戴式隱形眼鏡8折，附贈隱形眼鏡保養套一組。  備註:  1.持會員卡或員工證。  2.拋棄式隱形眼鏡、促銷與特價商品、特殊品牌、藥水及訂製片除外。,2018/10/17 0:00,039-880600,宜蘭縣礁溪鄉礁溪路五段58、60號
台北市,眼鏡,寶島眼鏡-劍潭,1.一般眼鏡及太陽眼鏡依定價享7折(限配整付)。  2.長戴式隱形眼鏡8折，附贈隱形眼鏡保養套一組。  備註:  1.持會員卡或員工證。  2.拋棄式隱形眼鏡、促銷與特價商品、特殊品牌、藥水及訂製片除外。,2018/10/18 0:00,02-66176954,台北市士林區承德路四段124號
台北市,眼鏡,寶島眼鏡-衡陽路,1.一般眼鏡及太陽眼鏡依定價享7折(限配整付)。  2.長戴式隱形眼鏡8折，附贈隱形眼鏡保養套一組。  備註:  1.持會員卡或員工證。  2.拋棄式隱形眼鏡、促銷與特價商品、特殊品牌、藥水及訂製片除外。,2018/10/19 0:00,02-23819323,台北市中正區衡陽路98號
高雄市,眼鏡,寶島眼鏡-高雄橋頭,1.一般眼鏡及太陽眼鏡依定價享7折(限配整付)。  2.長戴式隱形眼鏡8折，附贈隱形眼鏡保養套一組。  備註:  1.持會員卡或員工證。  2.拋棄式隱形眼鏡、促銷與特價商品、特殊品牌、藥水及訂製片除外。,2018/10/20 0:00,07-6116037,高雄市橋頭區隆豐路224號
台北市,眼鏡,寶島眼鏡-師大路,1.一般眼鏡及太陽眼鏡依定價享7折(限配整付)。  2.長戴式隱形眼鏡8折，附贈隱形眼鏡保養套一組。  備註:  1.持會員卡或員工證。  2.拋棄式隱形眼鏡、促銷與特價商品、特殊品牌、藥水及訂製片除外。,2018/10/21 0:00,02-23627380,台北市大安區師大路119號
新竹市,眼鏡,寶島眼鏡-新竹湳雅街,1.一般眼鏡及太陽眼鏡依定價享7折(限配整付)。  2.長戴式隱形眼鏡8折，附贈隱形眼鏡保養套一組。  備註:  1.持會員卡或員工證。  2.拋棄式隱形眼鏡、促銷與特價商品、特殊品牌、藥水及訂製片除外。,2018/10/22 0:00,03-5457475,新竹市北區湳雅街32號
宜蘭縣,眼鏡,寶島眼鏡-羅東興東路,1.一般眼鏡及太陽眼鏡依定價享7折(限配整付)。  2.長戴式隱形眼鏡8折，附贈隱形眼鏡保養套一組。  備註:  1.持會員卡或員工證。  2.拋棄式隱形眼鏡、促銷與特價商品、特殊品牌、藥水及訂製片除外。,2018/10/23 0:00,039-560456,宜蘭縣羅東鎮興東路14號
彰化縣,眼鏡,寶島眼鏡-彰化三民路,1.一般眼鏡及太陽眼鏡依定價享7折(限配整付)。  2.長戴式隱形眼鏡8折，附贈隱形眼鏡保養套一組。  備註:  1.持會員卡或員工證。  2.拋棄式隱形眼鏡、促銷與特價商品、特殊品牌、藥水及訂製片除外。,2018/10/24 0:00,04-7272781,彰化縣彰化市三民路220號
新北市,眼鏡,寶島眼鏡-土城裕民路,1.一般眼鏡及太陽眼鏡依定價享7折(限配整付)。  2.長戴式隱形眼鏡8折，附贈隱形眼鏡保養套一組。  備註:  1.持會員卡或員工證。  2.拋棄式隱形眼鏡、促銷與特價商品、特殊品牌、藥水及訂製片除外。,2018/10/25 0:00,02-22607697,新北市土城區裕民路84號
嘉義市,眼鏡,寶島眼鏡-嘉義興業路,1.一般眼鏡及太陽眼鏡依定價享7折(限配整付)。  2.長戴式隱形眼鏡8折，附贈隱形眼鏡保養套一組。  備註:  1.持會員卡或員工證。  2.拋棄式隱形眼鏡、促銷與特價商品、特殊品牌、藥水及訂製片除外。,2018/10/26 0:00,05-2250520,嘉義市西區興業西路122之8號
新竹市,眼鏡,寶島眼鏡-新竹中山路,1.一般眼鏡及太陽眼鏡依定價享7折(限配整付)。  2.長戴式隱形眼鏡8折，附贈隱形眼鏡保養套一組。  備註:  1.持會員卡或員工證。  2.拋棄式隱形眼鏡、促銷與特價商品、特殊品牌、藥水及訂製片除外。,2018/10/27 0:00,03-5260396,新竹市北區中山路102號
台北市,眼鏡,寶島眼鏡-西湖,1.一般眼鏡及太陽眼鏡依定價享7折(限配整付)。  2.長戴式隱形眼鏡8折，附贈隱形眼鏡保養套一組。  備註:  1.持會員卡或員工證。  2.拋棄式隱形眼鏡、促銷與特價商品、特殊品牌、藥水及訂製片除外。,2018/10/28 0:00,02-26593607,台北市內湖區內湖路一段357號
雲林縣,眼鏡,寶島眼鏡-虎尾林森路,1.一般眼鏡及太陽眼鏡依定價享7折(限配整付)。  2.長戴式隱形眼鏡8折，附贈隱形眼鏡保養套一組。  備註:  1.持會員卡或員工證。  2.拋棄式隱形眼鏡、促銷與特價商品、特殊品牌、藥水及訂製片除外。,2018/10/29 0:00,05-6329142,雲林縣虎尾鎮林森路二段153號
新竹市,眼鏡,寶島眼鏡-關東橋金山,1.一般眼鏡及太陽眼鏡依定價享7折(限配整付)。  2.長戴式隱形眼鏡8折，附贈隱形眼鏡保養套一組。  備註:  1.持會員卡或員工證。  2.拋棄式隱形眼鏡、促銷與特價商品、特殊品牌、藥水及訂製片除外。,2018/10/30 0:00,03-5678673,新竹市東區光復路一段178號
彰化縣,眼鏡,寶島眼鏡-員林林森路,1.一般眼鏡及太陽眼鏡依定價享7折(限配整付)。  2.長戴式隱形眼鏡8折，附贈隱形眼鏡保養套一組。  備註:  1.持會員卡或員工證。  2.拋棄式隱形眼鏡、促銷與特價商品、特殊品牌、藥水及訂製片除外。,2018/10/31 0:00,04-8340423,彰化縣員林市林森路259號
新竹縣,眼鏡,寶島眼鏡-竹北中正東路,1.一般眼鏡及太陽眼鏡依定價享7折(限配整付)。  2.長戴式隱形眼鏡8折，附贈隱形眼鏡保養套一組。  備註:  1.持會員卡或員工證。  2.拋棄式隱形眼鏡、促銷與特價商品、特殊品牌、藥水及訂製片除外。,2018/11/1 0:00,03-6560257,新竹縣竹北市中正東路297號
高雄市,眼鏡,寶島眼鏡-岡山岡山路,1.一般眼鏡及太陽眼鏡依定價享7折(限配整付)。  2.長戴式隱形眼鏡8折，附贈隱形眼鏡保養套一組。  備註:  1.持會員卡或員工證。  2.拋棄式隱形眼鏡、促銷與特價商品、特殊品牌、藥水及訂製片除外。,2018/11/2 0:00,07-9638285,高雄市岡山區岡山路380號1樓
高雄市,眼鏡,寶島眼鏡-鳳山中山路(二),1.一般眼鏡及太陽眼鏡依定價享7折(限配整付)。  2.長戴式隱形眼鏡8折，附贈隱形眼鏡保養套一組。  備註:  1.持會員卡或員工證。  2.拋棄式隱形眼鏡、促銷與特價商品、特殊品牌、藥水及訂製片除外。,2018/11/3 0:00,07-7414818,高雄市鳳山區中山路201號
台南市,眼鏡,寶島眼鏡-台南新市,1.一般眼鏡及太陽眼鏡依定價享7折(限配整付)。  2.長戴式隱形眼鏡8折，附贈隱形眼鏡保養套一組。  備註:  1.持會員卡或員工證。  2.拋棄式隱形眼鏡、促銷與特價商品、特殊品牌、藥水及訂製片除外。,2018/11/4 0:00,06-5890860,台南市新市區仁愛街237號
新北市,眼鏡,寶島眼鏡-八里中山路,1.一般眼鏡及太陽眼鏡依定價享7折(限配整付)。  2.長戴式隱形眼鏡8折，附贈隱形眼鏡保養套一組。  備註:  1.持會員卡或員工證。  2.拋棄式隱形眼鏡、促銷與特價商品、特殊品牌、藥水及訂製片除外。,2018/11/5 0:00,02-26191691,新北市八里區中山路二段530之1號
台北市,眼鏡,寶島眼鏡-南京東興,1.一般眼鏡及太陽眼鏡依定價享7折(限配整付)。  2.長戴式隱形眼鏡8折，附贈隱形眼鏡保養套一組。  備註:  1.持會員卡或員工證。  2.拋棄式隱形眼鏡、促銷與特價商品、特殊品牌、藥水及訂製片除外。,2018/11/6 0:00,02-27629941,台北市松山區南京東路五段271號
屏東縣,眼鏡,寶島眼鏡-屏東廣東路,1.一般眼鏡及太陽眼鏡依定價享7折(限配整付)。  2.長戴式隱形眼鏡8折，附贈隱形眼鏡保養套一組。  備註:  1.持會員卡或員工證。  2.拋棄式隱形眼鏡、促銷與特價商品、特殊品牌、藥水及訂製片除外。,2018/11/7 0:00,08-7226269,屏東縣屏東市廣東路102號
桃園市,眼鏡,寶島眼鏡-桃園寶山街,1.一般眼鏡及太陽眼鏡依定價享7折(限配整付)。  2.長戴式隱形眼鏡8折，附贈隱形眼鏡保養套一組。  備註:  1.持會員卡或員工證。  2.拋棄式隱形眼鏡、促銷與特價商品、特殊品牌、藥水及訂製片除外。,2018/11/8 0:00,03-3587772,桃園市桃園區寶山街204號
桃園市,眼鏡,寶島眼鏡-桃園中平路,1.一般眼鏡及太陽眼鏡依定價享7折(限配整付)。  2.長戴式隱形眼鏡8折，附贈隱形眼鏡保養套一組。  備註:  1.持會員卡或員工證。  2.拋棄式隱形眼鏡、促銷與特價商品、特殊品牌、藥水及訂製片除外。,2018/11/9 0:00,03-2201516,桃園市桃園區中平路10號
新北市,眼鏡,寶島眼鏡-板橋漢生東路,1.一般眼鏡及太陽眼鏡依定價享7折(限配整付)。  2.長戴式隱形眼鏡8折，附贈隱形眼鏡保養套一組。  備註:  1.持會員卡或員工證。  2.拋棄式隱形眼鏡、促銷與特價商品、特殊品牌、藥水及訂製片除外。,2018/11/10 0:00,02-29643869,新北市板橋區漢生東路354號1樓
台中市,眼鏡,寶島眼鏡-台中公益路,1.一般眼鏡及太陽眼鏡依定價享7折(限配整付)。  2.長戴式隱形眼鏡8折，附贈隱形眼鏡保養套一組。  備註:  1.持會員卡或員工證。  2.拋棄式隱形眼鏡、促銷與特價商品、特殊品牌、藥水及訂製片除外。,2018/11/11 0:00,04-23266656,台中市西區公益路132號
新北市,眼鏡,寶島眼鏡-林口文化二路,1.一般眼鏡及太陽眼鏡依定價享7折(限配整付)。  2.長戴式隱形眼鏡8折，附贈隱形眼鏡保養套一組。  備註:  1.持會員卡或員工證。  2.拋棄式隱形眼鏡、促銷與特價商品、特殊品牌、藥水及訂製片除外。,2018/11/12 0:00,02-26006992,新北市林口區文化二路一段122號1樓
台中市,眼鏡,寶島眼鏡-台中東山路,1.一般眼鏡及太陽眼鏡依定價享7折(限配整付)。  2.長戴式隱形眼鏡8折，附贈隱形眼鏡保養套一組。  備註:  1.持會員卡或員工證。  2.拋棄式隱形眼鏡、促銷與特價商品、特殊品牌、藥水及訂製片除外。,2018/11/13 0:00,04-24374335,台中市北屯區東山路一段251號
台北市,眼鏡,寶島眼鏡-古亭,1.一般眼鏡及太陽眼鏡依定價享7折(限配整付)。  2.長戴式隱形眼鏡8折，附贈隱形眼鏡保養套一組。  備註:  1.持會員卡或員工證。  2.拋棄式隱形眼鏡、促銷與特價商品、特殊品牌、藥水及訂製片除外。,2018/11/14 0:00,02-23630016,台北市大安區羅斯福路三段13號1樓
高雄市,眼鏡,寶島眼鏡-高雄赤山,1.一般眼鏡及太陽眼鏡依定價享7折(限配整付)。  2.長戴式隱形眼鏡8折，附贈隱形眼鏡保養套一組。  備註:  1.持會員卡或員工證。  2.拋棄式隱形眼鏡、促銷與特價商品、特殊品牌、藥水及訂製片除外。,2018/11/15 0:00,07-7777396,高雄市鳳山區青年路二段435號
新北市,眼鏡,寶島眼鏡-板橋三民路,1.一般眼鏡及太陽眼鏡依定價享7折(限配整付)。  2.長戴式隱形眼鏡8折，附贈隱形眼鏡保養套一組。  備註:  1.持會員卡或員工證。  2.拋棄式隱形眼鏡、促銷與特價商品、特殊品牌、藥水及訂製片除外。,2018/11/16 0:00,02-29644959,新北市板橋區三民路二段202之15號
高雄市,眼鏡,寶島眼鏡-高雄中庄,1.一般眼鏡及太陽眼鏡依定價享7折(限配整付)。  2.長戴式隱形眼鏡8折，附贈隱形眼鏡保養套一組。  備註:  1.持會員卡或員工證。  2.拋棄式隱形眼鏡、促銷與特價商品、特殊品牌、藥水及訂製片除外。,2018/11/17 0:00,07-7038589,高雄市大寮區中庄里鳳屏一路434號
新北市,眼鏡,寶島眼鏡-樹林中華路,1.一般眼鏡及太陽眼鏡依定價享7折(限配整付)。  2.長戴式隱形眼鏡8折，附贈隱形眼鏡保養套一組。  備註:  1.持會員卡或員工證。  2.拋棄式隱形眼鏡、促銷與特價商品、特殊品牌、藥水及訂製片除外。,2018/11/18 0:00,02-86856611,新北市樹林區中華路128號
新北市,眼鏡,寶島眼鏡-深坑北深路,1.一般眼鏡及太陽眼鏡依定價享7折(限配整付)。  2.長戴式隱形眼鏡8折，附贈隱形眼鏡保養套一組。  備註:  1.持會員卡或員工證。  2.拋棄式隱形眼鏡、促銷與特價商品、特殊品牌、藥水及訂製片除外。,2018/11/19 0:00,02-66377996,新北市深坑區北深路三段169號
高雄市,眼鏡,寶島眼鏡-鳳山大明路,1.一般眼鏡及太陽眼鏡依定價享7折(限配整付)。  2.長戴式隱形眼鏡8折，附贈隱形眼鏡保養套一組。  備註:  1.持會員卡或員工證。  2.拋棄式隱形眼鏡、促銷與特價商品、特殊品牌、藥水及訂製片除外。,2018/11/20 0:00,07-9635900,高雄市鳳山區大明路126號
新北市,眼鏡,寶島眼鏡-竹圍,1.一般眼鏡及太陽眼鏡依定價享7折(限配整付)。  2.長戴式隱形眼鏡8折，附贈隱形眼鏡保養套一組。  備註:  1.持會員卡或員工證。  2.拋棄式隱形眼鏡、促銷與特價商品、特殊品牌、藥水及訂製片除外。,2018/11/21 0:00,02-28087099,新北市淡水區民族路9號
台南市,眼鏡,寶島眼鏡-台南六甲,1.一般眼鏡及太陽眼鏡依定價享7折(限配整付)。  2.長戴式隱形眼鏡8折，附贈隱形眼鏡保養套一組。  備註:  1.持會員卡或員工證。  2.拋棄式隱形眼鏡、促銷與特價商品、特殊品牌、藥水及訂製片除外。,2018/11/22 0:00,06-6027822,台南市六甲區建國街2號
新北市,眼鏡,寶島眼鏡-中和景安路,1.一般眼鏡及太陽眼鏡依定價享7折(限配整付)。  2.長戴式隱形眼鏡8折，附贈隱形眼鏡保養套一組。  備註:  1.持會員卡或員工證。  2.拋棄式隱形眼鏡、促銷與特價商品、特殊品牌、藥水及訂製片除外。,2018/11/23 0:00,02-66377197,新北市中和區景安路160號
台南市,眼鏡,寶島眼鏡-台南安和路,1.一般眼鏡及太陽眼鏡依定價享7折(限配整付)。  2.長戴式隱形眼鏡8折，附贈隱形眼鏡保養套一組。  備註:  1.持會員卡或員工證。  2.拋棄式隱形眼鏡、促銷與特價商品、特殊品牌、藥水及訂製片除外。,2018/11/24 0:00,06-3562488,台南市安南區安和路五段47號
高雄市,眼鏡,寶島眼鏡-左營崇德路,1.一般眼鏡及太陽眼鏡依定價享7折(限配整付)。  2.長戴式隱形眼鏡8折，附贈隱形眼鏡保養套一組。  備註:  1.持會員卡或員工證。  2.拋棄式隱形眼鏡、促銷與特價商品、特殊品牌、藥水及訂製片除外。,2018/11/25 0:00,07-9637127,高雄市左營區崇德路280號
台南市,眼鏡,寶島眼鏡-台南崇德路,1.一般眼鏡及太陽眼鏡依定價享7折(限配整付)。  2.長戴式隱形眼鏡8折，附贈隱形眼鏡保養套一組。  備註:  1.持會員卡或員工證。  2.拋棄式隱形眼鏡、促銷與特價商品、特殊品牌、藥水及訂製片除外。,2018/11/26 0:00,06-6025985,台南市東區崇德路631號
新北市,眼鏡,寶島眼鏡-金山,1.一般眼鏡及太陽眼鏡依定價享7折(限配整付)。  2.長戴式隱形眼鏡8折，附贈隱形眼鏡保養套一組。  備註:  1.持會員卡或員工證。  2.拋棄式隱形眼鏡、促銷與特價商品、特殊品牌、藥水及訂製片除外。,2018/11/27 0:00,02-66373758,新北市金山區中山路220號
台南市,眼鏡,寶島眼鏡-台南鹽行,1.一般眼鏡及太陽眼鏡依定價享7折(限配整付)。  2.長戴式隱形眼鏡8折，附贈隱形眼鏡保養套一組。  備註:  1.持會員卡或員工證。  2.拋棄式隱形眼鏡、促銷與特價商品、特殊品牌、藥水及訂製片除外。,2018/11/28 0:00,06-2437111,台南市永康區中正南路823號
桃園市,眼鏡,寶島眼鏡-平鎮和平路,1.一般眼鏡及太陽眼鏡依定價享7折(限配整付)。  2.長戴式隱形眼鏡8折，附贈隱形眼鏡保養套一組。  備註:  1.持會員卡或員工證。  2.拋棄式隱形眼鏡、促銷與特價商品、特殊品牌、藥水及訂製片除外。,2018/11/29 0:00,03-2639306,桃園市平鎮區和平路182號
台北市,眼鏡,寶島眼鏡-德行東路(二),1.一般眼鏡及太陽眼鏡依定價享7折(限配整付)。  2.長戴式隱形眼鏡8折，附贈隱形眼鏡保養套一組。  備註:  1.持會員卡或員工證。  2.拋棄式隱形眼鏡、促銷與特價商品、特殊品牌、藥水及訂製片除外。,2018/11/30 0:00,02-66130070,台北市士林區德行東路119號
台北市,眼鏡,寶島眼鏡-民生富錦,1.一般眼鏡及太陽眼鏡依定價享7折(限配整付)。  2.長戴式隱形眼鏡8折，附贈隱形眼鏡保養套一組。  備註:  1.持會員卡或員工證。  2.拋棄式隱形眼鏡、促銷與特價商品、特殊品牌、藥水及訂製片除外。,2018/12/1 0:00,02-66175010,台北市松山區民生東路四段66號
屏東縣,眼鏡,寶島眼鏡-屏東枋寮,1.一般眼鏡及太陽眼鏡依定價享7折(限配整付)。  2.長戴式隱形眼鏡8折，附贈隱形眼鏡保養套一組。  備註:  1.持會員卡或員工證。  2.拋棄式隱形眼鏡、促銷與特價商品、特殊品牌、藥水及訂製片除外。,2018/12/2 0:00,08-8103665,屏東縣枋寮鄉中山路220號
新竹市,眼鏡,寶島眼鏡-新竹西大路,1.一般眼鏡及太陽眼鏡依定價享7折(限配整付)。  2.長戴式隱形眼鏡8折，附贈隱形眼鏡保養套一組。  備註:  1.持會員卡或員工證。  2.拋棄式隱形眼鏡、促銷與特價商品、特殊品牌、藥水及訂製片除外。,2018/12/3 0:00,03-6107495,新竹市東區西大路27號1樓
台中市,眼鏡,寶島眼鏡-大里益民路,1.一般眼鏡及太陽眼鏡依定價享7折(限配整付)。  2.長戴式隱形眼鏡8折，附贈隱形眼鏡保養套一組。  備註:  1.持會員卡或員工證。  2.拋棄式隱形眼鏡、促銷與特價商品、特殊品牌、藥水及訂製片除外。,2018/12/4 0:00,04-36095085,台中市大里區中興路二段384號
台中市,眼鏡,寶島眼鏡-台中松竹路,1.一般眼鏡及太陽眼鏡依定價享7折(限配整付)。  2.長戴式隱形眼鏡8折，附贈隱形眼鏡保養套一組。  備註:  1.持會員卡或員工證。  2.拋棄式隱形眼鏡、促銷與特價商品、特殊品牌、藥水及訂製片除外。,2018/12/5 0:00,04-36091922,台中市北屯區松竹路二段356號
台北市,眼鏡,寶島眼鏡-葫洲圓環,1.一般眼鏡及太陽眼鏡依定價享7折(限配整付)。  2.長戴式隱形眼鏡8折，附贈隱形眼鏡保養套一組。  備註:  1.持會員卡或員工證。  2.拋棄式隱形眼鏡、促銷與特價商品、特殊品牌、藥水及訂製片除外。,2018/12/6 0:00,02-66179106,台北市內湖區民權東路六段302號
新北市,眼鏡,寶島眼鏡-土城延和路,1.一般眼鏡及太陽眼鏡依定價享7折(限配整付)。  2.長戴式隱形眼鏡8折，附贈隱形眼鏡保養套一組。  備註:  1.持會員卡或員工證。  2.拋棄式隱形眼鏡、促銷與特價商品、特殊品牌、藥水及訂製片除外。,2018/12/7 0:00,02-22747858,新北市土城區延和路211號
新北市,眼鏡,寶島眼鏡-土城學府路,1.一般眼鏡及太陽眼鏡依定價享7折(限配整付)。  2.長戴式隱形眼鏡8折，附贈隱形眼鏡保養套一組。  備註:  1.持會員卡或員工證。  2.拋棄式隱形眼鏡、促銷與特價商品、特殊品牌、藥水及訂製片除外。,2018/12/8 0:00,02-22637716,新北市土城區學府路一段101號
新竹市,眼鏡,寶島眼鏡-新竹站前店,1.一般眼鏡及太陽眼鏡依定價享7折(限配整付)。  2.長戴式隱形眼鏡8折，附贈隱形眼鏡保養套一組。  備註:  1.持會員卡或員工證。  2.拋棄式隱形眼鏡、促銷與特價商品、特殊品牌、藥水及訂製片除外。,2018/12/9 0:00,03-6106980,新竹市東區中正路43號
新北市,眼鏡,寶島眼鏡-北大特區,1.一般眼鏡及太陽眼鏡依定價享7折(限配整付)。  2.長戴式隱形眼鏡8折，附贈隱形眼鏡保養套一組。  備註:  1.持會員卡或員工證。  2.拋棄式隱形眼鏡、促銷與特價商品、特殊品牌、藥水及訂製片除外。,2018/12/10 0:00,02-66372559,新北市樹林區大雅路271號
雲林縣,餐飲,千葉火鍋-斗六尊爵館,定價9折(服務費另計、一卡最多優惠6位)【持會員卡或員工證】,2018/12/11 0:00,05-5344696,雲林縣斗六市民生南路182號
嘉義市,餐飲,千葉火鍋-嘉義尊爵館,定價9折(服務費另計、一卡最多優惠6位)【持會員卡或員工證】,2018/12/12 0:00,05-2766323,嘉義市東區垂楊路6號
新北市,眼鏡,寶島眼鏡-板橋南門街,1.一般眼鏡及太陽眼鏡依定價享7折(限配整付)  2.長戴式隱形眼鏡8折，附贈隱形眼鏡保養套一組。  備註:  1.持會員卡或員工證  2.拋棄式隱形眼鏡、促銷與特價商品、特殊品牌、藥水及訂製片除外。,2018/12/13 0:00,02-29690335,新北市板橋區南門街20號
台北市,眼鏡,寶島眼鏡-士林中正路,1.一般眼鏡及太陽眼鏡依定價享7折(限配整付)  2.長戴式隱形眼鏡8折，附贈隱形眼鏡保養套一組。  備註:  1.持會員卡或員工證  2.拋棄式隱形眼鏡、促銷與特價商品、特殊品牌、藥水及訂製片除外。,2018/12/14 0:00,02-28313505,台北市士林區中正路194號
基隆市,眼鏡,寶島眼鏡-基隆愛三路,1.一般眼鏡及太陽眼鏡依定價享7折(限配整付)  2.長戴式隱形眼鏡8折，附贈隱形眼鏡保養套一組。  備註:  1.持會員卡或員工證  2.拋棄式隱形眼鏡、促銷與特價商品、特殊品牌、藥水及訂製片除外。,2018/12/15 0:00,02-24243567,基隆市仁愛區愛三路75號
台北市,眼鏡,寶島眼鏡-通化街,1.一般眼鏡及太陽眼鏡依定價享7折(限配整付)  2.長戴式隱形眼鏡8折，附贈隱形眼鏡保養套一組。  備註:  1.持會員卡或員工證  2.拋棄式隱形眼鏡、促銷與特價商品、特殊品牌、藥水及訂製片除外。,2018/12/16 0:00,02-27365908,台北市大安區通化街92號
新北市,眼鏡,寶島眼鏡-三重正義北路,1.一般眼鏡及太陽眼鏡依定價享7折(限配整付)  2.長戴式隱形眼鏡8折，附贈隱形眼鏡保養套一組。  備註:  1.持會員卡或員工證  2.拋棄式隱形眼鏡、促銷與特價商品、特殊品牌、藥水及訂製片除外。,2018/12/17 0:00,02-29815607,新北市三重區正義北路37號
新北市,眼鏡,寶島眼鏡-蘆洲中山二路,1.一般眼鏡及太陽眼鏡依定價享7折(限配整付)  2.長戴式隱形眼鏡8折，附贈隱形眼鏡保養套一組。  備註:  1.持會員卡或員工證  2.拋棄式隱形眼鏡、促銷與特價商品、特殊品牌、藥水及訂製片除外。,2018/12/18 0:00,02-22830400,新北市蘆洲區中山二路62號
高雄市,眼鏡,寶島眼鏡-楠梓軍校路,1.一般眼鏡及太陽眼鏡依定價享7折(限配整付)  2.長戴式隱形眼鏡8折，附贈隱形眼鏡保養套一組。  備註:  1.持會員卡或員工證  2.拋棄式隱形眼鏡、促銷與特價商品、特殊品牌、藥水及訂製片除外。,2018/12/19 0:00,07-3648800,高雄市楠梓區軍校路748號
台北市,眼鏡,寶島眼鏡-大直北安路,1.一般眼鏡及太陽眼鏡依定價享7折(限配整付)  2.長戴式隱形眼鏡8折，附贈隱形眼鏡保養套一組。  備註:  1.持會員卡或員工證  2.拋棄式隱形眼鏡、促銷與特價商品、特殊品牌、藥水及訂製片除外。,2018/12/20 0:00,02-25321242,台北市中山區北安路592號
嘉義市,眼鏡,寶島眼鏡-嘉義中山路,1.一般眼鏡及太陽眼鏡依定價享7折(限配整付)  2.長戴式隱形眼鏡8折，附贈隱形眼鏡保養套一組。  備註:  1.持會員卡或員工證  2.拋棄式隱形眼鏡、促銷與特價商品、特殊品牌、藥水及訂製片除外。,2018/12/21 0:00,05-2249072,嘉義市西區中山路396號
台南市,眼鏡,寶島眼鏡-台南北門路,1.一般眼鏡及太陽眼鏡依定價享7折(限配整付)  2.長戴式隱形眼鏡8折，附贈隱形眼鏡保養套一組。  備註:  1.持會員卡或員工證  2.拋棄式隱形眼鏡、促銷與特價商品、特殊品牌、藥水及訂製片除外。,2018/12/22 0:00,06-2282526,台南市東區北門路一段142號
南投縣,眼鏡,寶島眼鏡-草屯中正路,1.一般眼鏡及太陽眼鏡依定價享7折(限配整付)  2.長戴式隱形眼鏡8折，附贈隱形眼鏡保養套一組。  備註:  1.持會員卡或員工證  2.拋棄式隱形眼鏡、促銷與特價商品、特殊品牌、藥水及訂製片除外。,2018/12/23 0:00,049-2313802,南投縣草屯鎮中正路667號
新北市,眼鏡,寶島眼鏡-淡水中山路,1.一般眼鏡及太陽眼鏡依定價享7折(限配整付)  2.長戴式隱形眼鏡8折，附贈隱形眼鏡保養套一組。  備註:  1.持會員卡或員工證  2.拋棄式隱形眼鏡、促銷與特價商品、特殊品牌、藥水及訂製片除外。,2018/12/24 0:00,02-26294756,新北市淡水區中山路44號
苗栗縣,眼鏡,寶島眼鏡-苗栗中正路,1.一般眼鏡及太陽眼鏡依定價享7折(限配整付)  2.長戴式隱形眼鏡8折，附贈隱形眼鏡保養套一組。  備註:  1.持會員卡或員工證  2.拋棄式隱形眼鏡、促銷與特價商品、特殊品牌、藥水及訂製片除外。,2018/12/25 0:00,037-355386,苗栗縣苗栗市中正路900號
雲林縣,眼鏡,寶島眼鏡-斗六大同路,1.一般眼鏡及太陽眼鏡依定價享7折(限配整付)  2.長戴式隱形眼鏡8折，附贈隱形眼鏡保養套一組。  備註:  1.持會員卡或員工證  2.拋棄式隱形眼鏡、促銷與特價商品、特殊品牌、藥水及訂製片除外。,2018/12/26 0:00,05-5328655,雲林縣斗六市大同路8號
高雄市,眼鏡,寶島眼鏡-高雄自由路,1.一般眼鏡及太陽眼鏡依定價享7折(限配整付)  2.長戴式隱形眼鏡8折，附贈隱形眼鏡保養套一組。  備註:  1.持會員卡或員工證  2.拋棄式隱形眼鏡、促銷與特價商品、特殊品牌、藥水及訂製片除外。,2018/12/27 0:00,07-5509088,高雄市左營區自由二路142之2號
高雄市,眼鏡,寶島眼鏡-高雄林森一路,1.一般眼鏡及太陽眼鏡依定價享7折(限配整付)  2.長戴式隱形眼鏡8折，附贈隱形眼鏡保養套一組。  備註:  1.持會員卡或員工證  2.拋棄式隱形眼鏡、促銷與特價商品、特殊品牌、藥水及訂製片除外。,2018/12/28 0:00,07-2159005,高雄市新興區林森一路172號
台南市,眼鏡,寶島眼鏡-台南鹽水,1.一般眼鏡及太陽眼鏡依定價享7折(限配整付)  2.長戴式隱形眼鏡8折，附贈隱形眼鏡保養套一組。  備註:  1.持會員卡或員工證  2.拋棄式隱形眼鏡、促銷與特價商品、特殊品牌、藥水及訂製片除外。,2018/12/29 0:00,06-6532500,台南市鹽水區中正路4號
新北市,眼鏡,寶島眼鏡-泰山泰林路,1.一般眼鏡及太陽眼鏡依定價享7折(限配整付)  2.長戴式隱形眼鏡8折，附贈隱形眼鏡保養套一組。  備註:  1.持會員卡或員工證  2.拋棄式隱形眼鏡、促銷與特價商品、特殊品牌、藥水及訂製片除外。,2018/12/30 0:00,02-22978216,新北市泰山區泰林路二段190號
台中市,眼鏡,寶島眼鏡-台中中科,1.一般眼鏡及太陽眼鏡依定價享7折(限配整付)  2.長戴式隱形眼鏡8折，附贈隱形眼鏡保養套一組。  備註:  1.持會員卡或員工證  2.拋棄式隱形眼鏡、促銷與特價商品、特殊品牌、藥水及訂製片除外。,2018/12/31 0:00,04-24618789,台中市西屯區西屯路三段159之17
桃園市,眼鏡,寶島眼鏡-龜山中興路,1.一般眼鏡及太陽眼鏡依定價享7折(限配整付)  2.長戴式隱形眼鏡8折，附贈隱形眼鏡保養套一組。  備註:  1.持會員卡或員工證  2.拋棄式隱形眼鏡、促銷與特價商品、特殊品牌、藥水及訂製片除外。,2019/1/1 0:00,03-3196319,桃園市龜山區中興路431號
金門縣,眼鏡,寶島眼鏡-金門山外,1.一般眼鏡及太陽眼鏡依定價享7折(限配整付)  2.長戴式隱形眼鏡8折，附贈隱形眼鏡保養套一組。  備註:  1.持會員卡或員工證  2.拋棄式隱形眼鏡、促銷與特價商品、特殊品牌、藥水及訂製片除外。,2019/1/2 0:00,082-336109,金門縣金湖鎮復興路103號
花蓮縣,眼鏡,寶島眼鏡-花蓮中山路,1.一般眼鏡及太陽眼鏡依定價享7折(限配整付)  2.長戴式隱形眼鏡8折，附贈隱形眼鏡保養套一組。  備註:  1.持會員卡或員工證  2.拋棄式隱形眼鏡、促銷與特價商品、特殊品牌、藥水及訂製片除外。,2019/1/3 0:00,038-359546,花蓮縣花蓮市中山路551之1號
台東縣,眼鏡,寶島眼鏡-台東正氣路,1.一般眼鏡及太陽眼鏡依定價享7折(限配整付)  2.長戴式隱形眼鏡8折，附贈隱形眼鏡保養套一組。  備註:  1.持會員卡或員工證  2.拋棄式隱形眼鏡、促銷與特價商品、特殊品牌、藥水及訂製片除外。,2019/1/4 0:00,089-339847,台東縣台東市正氣路205號
台中市,眼鏡,寶島眼鏡-台中復興路,1.一般眼鏡及太陽眼鏡依定價享7折(限配整付)  2.長戴式隱形眼鏡8折，附贈隱形眼鏡保養套一組。  備註:  1.持會員卡或員工證  2.拋棄式隱形眼鏡、促銷與特價商品、特殊品牌、藥水及訂製片除外。,2019/1/5 0:00,04-22267378,台中市東區復興路四段12號
台北市,眼鏡,寶島眼鏡-松山,1.一般眼鏡及太陽眼鏡依定價享7折(限配整付)  2.長戴式隱形眼鏡8折，附贈隱形眼鏡保養套一組。  備註:  1.持會員卡或員工證  2.拋棄式隱形眼鏡、促銷與特價商品、特殊品牌、藥水及訂製片除外。,2019/1/6 0:00,02-27645396,台北市松山區八德路四段713號
彰化縣,眼鏡,寶島眼鏡-員林中山路,1.一般眼鏡及太陽眼鏡依定價享7折(限配整付)  2.長戴式隱形眼鏡8折，附贈隱形眼鏡保養套一組。  備註:  1.持會員卡或員工證  2.拋棄式隱形眼鏡、促銷與特價商品、特殊品牌、藥水及訂製片除外。,2019/1/7 0:00,04-8356548,彰化縣員林市中山路一段832號
高雄市,山莊,寶島眼鏡-高雄左營,1.一般眼鏡及太陽眼鏡依定價享7折(限配整付)  2.長戴式隱形眼鏡8折，附贈隱形眼鏡保養套一組。  備註:  1.持會員卡或員工證  2.拋棄式隱形眼鏡、促銷與特價商品、特殊品牌、藥水及訂製片除外。,2019/1/8 0:00,07-5823888,高雄市左營區左營大路219號
台中市,眼鏡,寶島眼鏡-太平太平路,1.一般眼鏡及太陽眼鏡依定價享7折(限配整付)  2.長戴式隱形眼鏡8折，附贈隱形眼鏡保養套一組。  備註:  1.持會員卡或員工證  2.拋棄式隱形眼鏡、促銷與特價商品、特殊品牌、藥水及訂製片除外。,2019/1/9 0:00,04-22792839,台中市太平區太平路561號
彰化縣,眼鏡,寶島眼鏡-彰化和平路,1.一般眼鏡及太陽眼鏡依定價享7折(限配整付)  2.長戴式隱形眼鏡8折，附贈隱形眼鏡保養套一組。  備註:  1.持會員卡或員工證  2.拋棄式隱形眼鏡、促銷與特價商品、特殊品牌、藥水及訂製片除外。,2019/1/10 0:00,04-7241448,彰化縣彰化市和平路40號
高雄市,眼鏡,寶島眼鏡-高雄天祥一路,1.一般眼鏡及太陽眼鏡依定價享7折(限配整付)  2.長戴式隱形眼鏡8折，附贈隱形眼鏡保養套一組。  備註:  1.持會員卡或員工證  2.拋棄式隱形眼鏡、促銷與特價商品、特殊品牌、藥水及訂製片除外。,2019/1/11 0:00,07-3423360,高雄市三民區天祥一路166號
澎湖縣,眼鏡,寶島眼鏡-澎湖,1.一般眼鏡及太陽眼鏡依定價享7折(限配整付)  2.長戴式隱形眼鏡8折，附贈隱形眼鏡保養套一組。  備註:  1.持會員卡或員工證  2.拋棄式隱形眼鏡、促銷與特價商品、特殊品牌、藥水及訂製片除外。,2019/1/12 0:00,06-9263600,澎湖縣馬公市民生路8號
桃園市,眼鏡,寶島眼鏡-新屋中山路,1.一般眼鏡及太陽眼鏡依定價享7折(限配整付)  2.長戴式隱形眼鏡8折，附贈隱形眼鏡保養套一組。  備註:  1.持會員卡或員工證  2.拋棄式隱形眼鏡、促銷與特價商品、特殊品牌、藥水及訂製片除外。,2019/1/13 0:00,03-4970398,桃園市新屋區中山路274號
高雄市,眼鏡,寶島眼鏡-高雄大昌二路,1.一般眼鏡及太陽眼鏡依定價享7折(限配整付)  2.長戴式隱形眼鏡8折，附贈隱形眼鏡保養套一組。  備註:  1.持會員卡或員工證  2.拋棄式隱形眼鏡、促銷與特價商品、特殊品牌、藥水及訂製片除外。,2019/1/14 0:00,07-3821500,高雄市三民區大昌二路147號
新北市,眼鏡,寶島眼鏡-鶯歌建國路,1.一般眼鏡及太陽眼鏡依定價享7折(限配整付)  2.長戴式隱形眼鏡8折，附贈隱形眼鏡保養套一組。  備註:  1.持會員卡或員工證  2.拋棄式隱形眼鏡、促銷與特價商品、特殊品牌、藥水及訂製片除外。,2019/1/15 0:00,02-86773098,新北市鶯歌區建國路179號
高雄市,眼鏡,寶島眼鏡-鳳山中山路,1.一般眼鏡及太陽眼鏡依定價享7折(限配整付)  2.長戴式隱形眼鏡8折，附贈隱形眼鏡保養套一組。  備註:  1.持會員卡或員工證  2.拋棄式隱形眼鏡、促銷與特價商品、特殊品牌、藥水及訂製片除外。,2019/1/16 0:00,07-7462426,高雄市鳳山區中山路135號
高雄市,眼鏡,寶島眼鏡-高雄七賢二路,1.一般眼鏡及太陽眼鏡依定價享7折(限配整付)  2.長戴式隱形眼鏡8折，附贈隱形眼鏡保養套一組。  備註:  1.持會員卡或員工證  2.拋棄式隱形眼鏡、促銷與特價商品、特殊品牌、藥水及訂製片除外。,2019/1/17 0:00,07-2519728,高雄市前金區七賢二路254號1樓
金門縣,眼鏡,寶島眼鏡-金門金城,1.一般眼鏡及太陽眼鏡依定價享7折(限配整付)  2.長戴式隱形眼鏡8折，附贈隱形眼鏡保養套一組。  備註:  1.持會員卡或員工證  2.拋棄式隱形眼鏡、促銷與特價商品、特殊品牌、藥水及訂製片除外。,2019/1/18 0:00,082-373792,金門縣金城鎮民生路11巷7號
台中市,眼鏡,寶島眼鏡-台中昌平路,1.一般眼鏡及太陽眼鏡依定價享7折(限配整付)  2.長戴式隱形眼鏡8折，附贈隱形眼鏡保養套一組。  備註:  1.持會員卡或員工證  2.拋棄式隱形眼鏡、促銷與特價商品、特殊品牌、藥水及訂製片除外。,2019/1/19 0:00,04-22478855,台中市北屯區昌平路一段119號
高雄市,眼鏡,寶島眼鏡-高雄建國一路,1.一般眼鏡及太陽眼鏡依定價享7折(限配整付)。  2.長戴式隱形眼鏡8折，附贈隱形眼鏡保養套一組。  備註:  1.持會員卡或員工證。  2.拋棄式隱形眼鏡、促銷與特價商品、特殊品牌、藥水及訂製片除外。,2019/1/20 0:00,07-7258025,高雄市苓雅區建國一路268號
台北市,眼鏡,寶島眼鏡-德行東路(一),1.一般眼鏡及太陽眼鏡依定價享7折(限配整付)。  2.長戴式隱形眼鏡8折，附贈隱形眼鏡保養套一組。  備註:  1.持會員卡或員工證。  2.拋棄式隱形眼鏡、促銷與特價商品、特殊品牌、藥水及訂製片除外。,2019/1/21 0:00,02-28380170,台北市士林區德行東路181號
台北市,眼鏡,寶島眼鏡-忠孝玉成,1.一般眼鏡及太陽眼鏡依定價享7折(限配整付)。  2.長戴式隱形眼鏡8折，附贈隱形眼鏡保養套一組。  備註:  1.持會員卡或員工證。  2.拋棄式隱形眼鏡、促銷與特價商品、特殊品牌、藥水及訂製片除外。,2019/1/22 0:00,02-27853130,台北市南港區萬福里忠孝東路五段990號1樓
新北市,眼鏡,寶島眼鏡-蘆洲長安街,1.一般眼鏡及太陽眼鏡依定價享7折(限配整付)。  2.長戴式隱形眼鏡8折，附贈隱形眼鏡保養套一組。  備註:  1.持會員卡或員工證。  2.拋棄式隱形眼鏡、促銷與特價商品、特殊品牌、藥水及訂製片除外。,2019/1/23 0:00,02-22887288,新北市蘆洲區長安街113號
桃園市,眼鏡,寶島眼鏡-中壢新生路,1.一般眼鏡及太陽眼鏡依定價享7折(限配整付)。  2.長戴式隱形眼鏡8折，附贈隱形眼鏡保養套一組。  備註:  1.持會員卡或員工證。  2.拋棄式隱形眼鏡、促銷與特價商品、特殊品牌、藥水及訂製片除外。,2019/1/24 0:00,03-4265290,桃園市中壢區新生路213號
桃園市,眼鏡,寶島眼鏡-桃園中正特區,1.一般眼鏡及太陽眼鏡依定價享7折(限配整付)。  2.長戴式隱形眼鏡8折，附贈隱形眼鏡保養套一組。  備註:  1.持會員卡或員工證。  2.拋棄式隱形眼鏡、促銷與特價商品、特殊品牌、藥水及訂製片除外。,2019/1/25 0:00,03-3162508,桃園市桃園區中正路1246號
新竹縣,眼鏡,寶島眼鏡-關西中興路,1.一般眼鏡及太陽眼鏡依定價享7折(限配整付)。  2.長戴式隱形眼鏡8折，附贈隱形眼鏡保養套一組。  備註:  1.持會員卡或員工證。  2.拋棄式隱形眼鏡、促銷與特價商品、特殊品牌、藥水及訂製片除外。,2019/1/26 0:00,03-5871688,新竹縣關西鎮中興路32號
嘉義市,眼鏡,寶島眼鏡-嘉義中興路,1.一般眼鏡及太陽眼鏡依定價享7折(限配整付)。  2.長戴式隱形眼鏡8折，附贈隱形眼鏡保養套一組。  備註:  1.持會員卡或員工證。  2.拋棄式隱形眼鏡、促銷與特價商品、特殊品牌、藥水及訂製片除外。,2019/1/27 0:00,05-2910595,嘉義市西區福全里中興路321號
台中市,眼鏡,寶島眼鏡-烏日,1.一般眼鏡及太陽眼鏡依定價享7折(限配整付)。  2.長戴式隱形眼鏡8折，附贈隱形眼鏡保養套一組。  備註:  1.持會員卡或員工證。  2.拋棄式隱形眼鏡、促銷與特價商品、特殊品牌、藥水及訂製片除外。,2019/1/28 0:00,04-23385150,台中市烏日區中山路一段399號
新北市,眼鏡,寶島眼鏡-新莊幸福路(二),1.一般眼鏡及太陽眼鏡依定價享7折(限配整付)。  2.長戴式隱形眼鏡8折，附贈隱形眼鏡保養套一組。  備註:  1.持會員卡或員工證。  2.拋棄式隱形眼鏡、促銷與特價商品、特殊品牌、藥水及訂製片除外。,2019/1/29 0:00,02-89925855,新北市新莊區幸福路745號
台南市,眼鏡,寶島眼鏡-台南民族路,1.一般眼鏡及太陽眼鏡依定價享7折(限配整付)。  2.長戴式隱形眼鏡8折，附贈隱形眼鏡保養套一組。  備註:  1.持會員卡或員工證。  2.拋棄式隱形眼鏡、促銷與特價商品、特殊品牌、藥水及訂製片除外。,2019/1/30 0:00,06-2246858,台南市中西區中山路102號
台中市,眼鏡,寶島眼鏡-台中大墩路,1.一般眼鏡及太陽眼鏡依定價享7折(限配整付)。  2.長戴式隱形眼鏡8折，附贈隱形眼鏡保養套一組。  備註:  1.持會員卡或員工證。  2.拋棄式隱形眼鏡、促銷與特價商品、特殊品牌、藥水及訂製片除外。,2019/1/31 0:00,04-23266131,台中市南屯區大墩路738號
高雄市,眼鏡,寶島眼鏡-高雄建工路,1.一般眼鏡及太陽眼鏡依定價享7折(限配整付)。  2.長戴式隱形眼鏡8折，附贈隱形眼鏡保養套一組。  備註:  1.持會員卡或員工證。  2.拋棄式隱形眼鏡、促銷與特價商品、特殊品牌、藥水及訂製片除外。,2019/2/1 0:00,07-3835479,高雄市三民區建工路478號1樓
新北市,眼鏡,寶島眼鏡-三重三民街,1.一般眼鏡及太陽眼鏡依定價享7折(限配整付)。  2.長戴式隱形眼鏡8折，附贈隱形眼鏡保養套一組。  備註:  1.持會員卡或員工證。  2.拋棄式隱形眼鏡、促銷與特價商品、特殊品牌、藥水及訂製片除外。,2019/2/2 0:00,02-29833059,新北市三重區三民街92號
台中市,眼鏡,寶島眼鏡-台中林森路,1.一般眼鏡及太陽眼鏡依定價享7折(限配整付)。  2.長戴式隱形眼鏡8折，附贈隱形眼鏡保養套一組。  備註:  1.持會員卡或員工證。  2.拋棄式隱形眼鏡、促銷與特價商品、特殊品牌、藥水及訂製片除外。,2019/2/3 0:00,04-23725475,台中市西區林森路132號1樓
台中市,眼鏡,寶島眼鏡-大里成功路,1.一般眼鏡及太陽眼鏡依定價享7折(限配整付)。  2.長戴式隱形眼鏡8折，附贈隱形眼鏡保養套一組。  備註:  1.持會員卡或員工證。  2.拋棄式隱形眼鏡、促銷與特價商品、特殊品牌、藥水及訂製片除外。,2019/2/4 0:00,04-24932321,台中市大里區成功路539號
新北市,眼鏡,寶島眼鏡-新店中正路,1.一般眼鏡及太陽眼鏡依定價享7折(限配整付)。  2.長戴式隱形眼鏡8折，附贈隱形眼鏡保養套一組。  備註:  1.持會員卡或員工證。  2.拋棄式隱形眼鏡、促銷與特價商品、特殊品牌、藥水及訂製片除外。,2019/2/5 0:00,02-86654609,新北市新店區中正路133號
台北市,眼鏡,寶島眼鏡-萬大路,1.一般眼鏡及太陽眼鏡依定價享7折(限配整付)。  2.長戴式隱形眼鏡8折，附贈隱形眼鏡保養套一組。  備註:  1.持會員卡或員工證。  2.拋棄式隱形眼鏡、促銷與特價商品、特殊品牌、藥水及訂製片除外。,2019/2/6 0:00,02-23392858,台北市萬華區萬大路429號1樓
新北市,眼鏡,寶島眼鏡-五股成泰路,1.一般眼鏡及太陽眼鏡依定價享7折(限配整付)。  2.長戴式隱形眼鏡8折，附贈隱形眼鏡保養套一組。  備註:  1.持會員卡或員工證。  2.拋棄式隱形眼鏡、促銷與特價商品、特殊品牌、藥水及訂製片除外。,2019/2/7 0:00,02-22938479,新北市五股區成泰路二段160號
桃園市,眼鏡,寶島眼鏡-中壢龍岡,1.一般眼鏡及太陽眼鏡依定價享7折(限配整付)。  2.長戴式隱形眼鏡8折，附贈隱形眼鏡保養套一組。  備註:  1.持會員卡或員工證。  2.拋棄式隱形眼鏡、促銷與特價商品、特殊品牌、藥水及訂製片除外。,2019/2/8 0:00,03-4659212,桃園市中壢區中山東路四段118 號
新竹市,眼鏡,寶島眼鏡-關東橋園區,1.一般眼鏡及太陽眼鏡依定價享7折(限配整付)。  2.長戴式隱形眼鏡8折，附贈隱形眼鏡保養套一組。  備註:  1.持會員卡或員工證。  2.拋棄式隱形眼鏡、促銷與特價商品、特殊品牌、藥水及訂製片除外。,2019/2/9 0:00,03-5678882,新竹市東區光復路一段649號
新北市,眼鏡,寶島眼鏡-三重三和路,1.一般眼鏡及太陽眼鏡依定價享7折(限配整付)。  2.長戴式隱形眼鏡8折，附贈隱形眼鏡保養套一組。  備註:  1.持會員卡或員工證。  2.拋棄式隱形眼鏡、促銷與特價商品、特殊品牌、藥水及訂製片除外。,2019/2/10 0:00,02-29751120,新北市三重區三和路二段105號
台北市,眼鏡,寶島眼鏡-內湖民權,1.一般眼鏡及太陽眼鏡依定價享7折(限配整付)。  2.長戴式隱形眼鏡8折，附贈隱形眼鏡保養套一組。  備註:  1.持會員卡或員工證。  2.拋棄式隱形眼鏡、促銷與特價商品、特殊品牌、藥水及訂製片除外。,2019/2/11 0:00,02-27919501,台北市內湖區民權東路六段132號
台中市,眼鏡,寶島眼鏡-台中新民,1.一般眼鏡及太陽眼鏡依定價享7折(限配整付)。  2.長戴式隱形眼鏡8折，附贈隱形眼鏡保養套一組。  備註:  1.持會員卡或員工證。  2.拋棄式隱形眼鏡、促銷與特價商品、特殊品牌、藥水及訂製片除外。,2019/2/12 0:00,04-22300747,台中市北區三民路三段293號
台北市,眼鏡,寶島眼鏡-研究院路,1.一般眼鏡及太陽眼鏡依定價享7折(限配整付)。  2.長戴式隱形眼鏡8折，附贈隱形眼鏡保養套一組。  備註:  1.持會員卡或員工證。  2.拋棄式隱形眼鏡、促銷與特價商品、特殊品牌、藥水及訂製片除外。,2019/2/13 0:00,02-26537121,台北市南港區研究院路一段81號
台中市,眼鏡,寶島眼鏡-大里中興路,1.一般眼鏡及太陽眼鏡依定價享7折(限配整付)。  2.長戴式隱形眼鏡8折，附贈隱形眼鏡保養套一組。  備註:  1.持會員卡或員工證。  2.拋棄式隱形眼鏡、促銷與特價商品、特殊品牌、藥水及訂製片除外。,2019/2/14 0:00,04-24826123,台中市大里區中興路二段313號
新竹市,眼鏡,寶島眼鏡-新竹清大,1.一般眼鏡及太陽眼鏡依定價享7折(限配整付)。  2.長戴式隱形眼鏡8折，附贈隱形眼鏡保養套一組。  備註:  1.持會員卡或員工證。  2.拋棄式隱形眼鏡、促銷與特價商品、特殊品牌、藥水及訂製片除外。,2019/2/15 0:00,03-5736998,新竹市東區光復路二段320號
新北市,眼鏡,寶島眼鏡-樹林博愛一街,1.一般眼鏡及太陽眼鏡依定價享7折(限配整付)。  2.長戴式隱形眼鏡8折，附贈隱形眼鏡保養套一組。  備註:  1.持會員卡或員工證。  2.拋棄式隱形眼鏡、促銷與特價商品、特殊品牌、藥水及訂製片除外。,2019/2/16 0:00,02-86755362,新北市樹林區博愛一街15號
台北市,眼鏡,寶島眼鏡-中華路,1.一般眼鏡及太陽眼鏡依定價享7折(限配整付)。  2.長戴式隱形眼鏡8折，附贈隱形眼鏡保養套一組。  備註:  1.持會員卡或員工證。  2.拋棄式隱形眼鏡、促銷與特價商品、特殊品牌、藥水及訂製片除外。,2019/2/17 0:00,02-23038028,台北市中正區中華路二段337號1樓
新北市,眼鏡,寶島眼鏡-中和景新街,1.一般眼鏡及太陽眼鏡依定價享7折(限配整付)。  2.長戴式隱形眼鏡8折，附贈隱形眼鏡保養套一組。  備註:  1.持會員卡或員工證。  2.拋棄式隱形眼鏡、促銷與特價商品、特殊品牌、藥水及訂製片除外。,2019/2/18 0:00,02-29407576,新北市中和區景新街423號
新北市,眼鏡,寶島眼鏡-新店安康路,1.一般眼鏡及太陽眼鏡依定價享7折(限配整付)。  2.長戴式隱形眼鏡8折，附贈隱形眼鏡保養套一組。  備註:  1.持會員卡或員工證。  2.拋棄式隱形眼鏡、促銷與特價商品、特殊品牌、藥水及訂製片除外。,2019/2/19 0:00,02-86667831,新北市新店區安康路二段202號
新竹縣,眼鏡,寶島眼鏡-新豐,1.一般眼鏡及太陽眼鏡依定價享7折(限配整付)。  2.長戴式隱形眼鏡8折，附贈隱形眼鏡保養套一組。  備註:  1.持會員卡或員工證。  2.拋棄式隱形眼鏡、促銷與特價商品、特殊品牌、藥水及訂製片除外。,2019/2/20 0:00,03-5592117,新竹縣新豐鄉建興路一段23號
屏東縣,眼鏡,寶島眼鏡-屏東恆春,1.一般眼鏡及太陽眼鏡依定價享7折(限配整付)。  2.長戴式隱形眼鏡8折，附贈隱形眼鏡保養套一組。  備註:  1.持會員卡或員工證。  2.拋棄式隱形眼鏡、促銷與特價商品、特殊品牌、藥水及訂製片除外。,2019/2/21 0:00,08-8891496,屏東縣恆春鎮中正路107號1樓
桃園市,眼鏡,寶島眼鏡-林口長庚店,1.一般眼鏡及太陽眼鏡依定價享7折(限配整付)。  2.長戴式隱形眼鏡8折，附贈隱形眼鏡保養套一組。  備註:  1.持會員卡或員工證。  2.拋棄式隱形眼鏡、促銷與特價商品、特殊品牌、藥水及訂製片除外。,2019/2/22 0:00,03-3275248,桃園市龜山區復興一路320號
高雄市,眼鏡,寶島眼鏡-岡山壽天路,1.一般眼鏡及太陽眼鏡依定價享7折(限配整付)。  2.長戴式隱形眼鏡8折，附贈隱形眼鏡保養套一組。  備註:  1.持會員卡或員工證。  2.拋棄式隱形眼鏡、促銷與特價商品、特殊品牌、藥水及訂製片除外。,2019/2/23 0:00,07-9635787,高雄市岡山區壽天路125號
台中市,眼鏡,寶島眼鏡-台中五權路,1.一般眼鏡及太陽眼鏡依定價享7折(限配整付)。  2.長戴式隱形眼鏡8折，附贈隱形眼鏡保養套一組。  備註:  1.持會員卡或員工證。  2.拋棄式隱形眼鏡、促銷與特價商品、特殊品牌、藥水及訂製片除外。,2019/2/24 0:00,04-24717806,台中市南屯區五權西路二段60號
台中市,眼鏡,寶島眼鏡-台中學士路,1.一般眼鏡及太陽眼鏡依定價享7折(限配整付)。  2.長戴式隱形眼鏡8折，附贈隱形眼鏡保養套一組。  備註:  1.持會員卡或員工證。  2.拋棄式隱形眼鏡、促銷與特價商品、特殊品牌、藥水及訂製片除外。,2019/2/25 0:00,04-22081234,台中市北區學士路287號1樓
新竹縣,眼鏡,寶島眼鏡-新竹新埔,1.一般眼鏡及太陽眼鏡依定價享7折(限配整付)。  2.長戴式隱形眼鏡8折，附贈隱形眼鏡保養套一組。  備註:  1.持會員卡或員工證。  2.拋棄式隱形眼鏡、促銷與特價商品、特殊品牌、藥水及訂製片除外。,2019/2/26 0:00,03-5888878,新竹縣新埔鎮四座里中正路221號
台北市,眼鏡,寶島眼鏡-敦化南路,1.一般眼鏡及太陽眼鏡依定價享7折(限配整付)。  2.長戴式隱形眼鏡8折，附贈隱形眼鏡保養套一組。  備註:  1.持會員卡或員工證。  2.拋棄式隱形眼鏡、促銷與特價商品、特殊品牌、藥水及訂製片除外。,2019/2/27 0:00,02-27363505,台北市大安區敦化南路二段277號
新北市,眼鏡,寶島眼鏡-汐止新台五路,1.一般眼鏡及太陽眼鏡依定價享7折(限配整付)。  2.長戴式隱形眼鏡8折，附贈隱形眼鏡保養套一組。  備註:  1.持會員卡或員工證。  2.拋棄式隱形眼鏡、促銷與特價商品、特殊品牌、藥水及訂製片除外。,2019/2/28 0:00,02-86916115,新北市汐止區新台五路一段177號
台中市,眼鏡,寶島眼鏡-太平中山路,1.一般眼鏡及太陽眼鏡依定價享7折(限配整付)。  2.長戴式隱形眼鏡8折，附贈隱形眼鏡保養套一組。  備註:  1.持會員卡或員工證。  2.拋棄式隱形眼鏡、促銷與特價商品、特殊品牌、藥水及訂製片除外。,2019/3/1 0:00,04-23954218,台中市太平區中山路四段30號
台南市,眼鏡,寶島眼鏡-台南新化,1.一般眼鏡及太陽眼鏡依定價享7折(限配整付)。  2.長戴式隱形眼鏡8折，附贈隱形眼鏡保養套一組。  備註:  1.持會員卡或員工證。  2.拋棄式隱形眼鏡、促銷與特價商品、特殊品牌、藥水及訂製片除外。,2019/3/2 0:00,06-5904467,台南市新化區中山路342號
台中市,眼鏡,寶島眼鏡-大雅民生路,1.一般眼鏡及太陽眼鏡依定價享7折(限配整付)。  2.長戴式隱形眼鏡8折，附贈隱形眼鏡保養套一組。  備註:  1.持會員卡或員工證。  2.拋棄式隱形眼鏡、促銷與特價商品、特殊品牌、藥水及訂製片除外。,2019/3/3 0:00,04-25675879,台中市大雅區民生路一段102號
嘉義市,眼鏡,寶島眼鏡-嘉義吳鳳南路,1.一般眼鏡及太陽眼鏡依定價享7折(限配整付)。  2.長戴式隱形眼鏡8折，附贈隱形眼鏡保養套一組。  備註:  1.持會員卡或員工證。  2.拋棄式隱形眼鏡、促銷與特價商品、特殊品牌、藥水及訂製片除外。,2019/3/4 0:00,05-2288276,嘉義市東區吳鳳南路453號
新北市,眼鏡,寶島眼鏡-新莊中港路,1.一般眼鏡及太陽眼鏡依定價享7折(限配整付)。  2.長戴式隱形眼鏡8折，附贈隱形眼鏡保養套一組。  備註:  1.持會員卡或員工證。  2.拋棄式隱形眼鏡、促銷與特價商品、特殊品牌、藥水及訂製片除外。,2019/3/5 0:00,02-22779692,新北市新莊區中港路278號
桃園市,眼鏡,寶島眼鏡-蘆竹南崁路,1.一般眼鏡及太陽眼鏡依定價享7折(限配整付)。  2.長戴式隱形眼鏡8折，附贈隱形眼鏡保養套一組。  備註:  1.持會員卡或員工證。  2.拋棄式隱形眼鏡、促銷與特價商品、特殊品牌、藥水及訂製片除外。,2019/3/6 0:00,03-3525937,桃園市蘆竹區南崁路238號
高雄市,眼鏡,寶島眼鏡-高雄阿蓮,1.一般眼鏡及太陽眼鏡依定價享7折(限配整付)。  2.長戴式隱形眼鏡8折，附贈隱形眼鏡保養套一組。  備註:  1.持會員卡或員工證。  2.拋棄式隱形眼鏡、促銷與特價商品、特殊品牌、藥水及訂製片除外。,2019/3/7 0:00,07-6315905,高雄市阿蓮區忠孝路97號
台北市,眼鏡,寶島眼鏡-永吉路,1.一般眼鏡及太陽眼鏡依定價享7折(限配整付)。  2.長戴式隱形眼鏡8折，附贈隱形眼鏡保養套一組。  備註:  1.持會員卡或員工證。  2.拋棄式隱形眼鏡、促銷與特價商品、特殊品牌、藥水及訂製片除外。,2019/3/8 0:00,02-27660778,台北市信義區永吉路323號
新竹縣,眼鏡,寶島眼鏡-湖口,1.一般眼鏡及太陽眼鏡依定價享7折(限配整付)。  2.長戴式隱形眼鏡8折，附贈隱形眼鏡保養套一組。  備註:  1.持會員卡或員工證。  2.拋棄式隱形眼鏡、促銷與特價商品、特殊品牌、藥水及訂製片除外。,2019/3/9 0:00,03-5903340,新竹縣湖口鄉中正路一段15號
桃園市,眼鏡,寶島眼鏡-迴龍萬壽路,1.一般眼鏡及太陽眼鏡依定價享7折(限配整付)。  2.長戴式隱形眼鏡8折，附贈隱形眼鏡保養套一組。  備註:  1.持會員卡或員工證。  2.拋棄式隱形眼鏡、促銷與特價商品、特殊品牌、藥水及訂製片除外。,2019/3/10 0:00,02-82003220,桃園市龜山區萬壽路一段289號
新北市,眼鏡,寶島眼鏡-林口中正路,1.一般眼鏡及太陽眼鏡依定價享7折(限配整付)。  2.長戴式隱形眼鏡8折，附贈隱形眼鏡保養套一組。  備註:  1.持會員卡或員工證。  2.拋棄式隱形眼鏡、促銷與特價商品、特殊品牌、藥水及訂製片除外。,2019/3/11 0:00,02-26015509,新北市林口區中正路281號
台北市,眼鏡,寶島眼鏡-莊敬路,1.一般眼鏡及太陽眼鏡依定價享7折(限配整付)。  2.長戴式隱形眼鏡8折，附贈隱形眼鏡保養套一組。  備註:  1.持會員卡或員工證。  2.拋棄式隱形眼鏡、促銷與特價商品、特殊品牌、藥水及訂製片除外。,2019/3/12 0:00,02-27222418,台北市信義區莊敬路313～315號
彰化縣,眼鏡,寶島眼鏡-和美,1.一般眼鏡及太陽眼鏡依定價享7折(限配整付)。  2.長戴式隱形眼鏡8折，附贈隱形眼鏡保養套一組。  備註:  1.持會員卡或員工證。  2.拋棄式隱形眼鏡、促銷與特價商品、特殊品牌、藥水及訂製片除外。,2019/3/13 0:00,04-7567162,彰化縣和美鎮彰美路六段139號1樓
基隆市,眼鏡,寶島眼鏡-基隆七堵,1.一般眼鏡及太陽眼鏡依定價享7折(限配整付)。  2.長戴式隱形眼鏡8折，附贈隱形眼鏡保養套一組。  備註:  1.持會員卡或員工證。  2.拋棄式隱形眼鏡、促銷與特價商品、特殊品牌、藥水及訂製片除外。,2019/3/14 0:00,02-24567028,基隆市七堵區自治街2號
高雄市,眼鏡,寶島眼鏡-高雄博愛一路,1.一般眼鏡及太陽眼鏡依定價享7折(限配整付)。  2.長戴式隱形眼鏡8折，附贈隱形眼鏡保養套一組。  備註:  1.持會員卡或員工證。  2.拋棄式隱形眼鏡、促銷與特價商品、特殊品牌、藥水及訂製片除外。,2019/3/15 0:00,07-3121822,高雄市三民區博愛一路101號
台南市,眼鏡,寶島眼鏡-台南善化,1.一般眼鏡及太陽眼鏡依定價享7折(限配整付)。  2.長戴式隱形眼鏡8折，附贈隱形眼鏡保養套一組。  備註:  1.持會員卡或員工證。  2.拋棄式隱形眼鏡、促銷與特價商品、特殊品牌、藥水及訂製片除外。,2019/3/16 0:00,06-5834397,台南市善化區中正路424號
台南市,眼鏡,寶島眼鏡-台南麻豆,1.一般眼鏡及太陽眼鏡依定價享7折(限配整付)。  2.長戴式隱形眼鏡8折，附贈隱形眼鏡保養套一組。  備註:  1.持會員卡或員工證。  2.拋棄式隱形眼鏡、促銷與特價商品、特殊品牌、藥水及訂製片除外。,2019/3/17 0:00,06-5728348,台南市麻豆區興中路103號1樓
台北市,眼鏡,寶島眼鏡-社子,1.一般眼鏡及太陽眼鏡依定價享7折(限配整付)。  2.長戴式隱形眼鏡8折，附贈隱形眼鏡保養套一組。  備註:  1.持會員卡或員工證。  2.拋棄式隱形眼鏡、促銷與特價商品、特殊品牌、藥水及訂製片除外。,2019/3/18 0:00,02-28120018,台北市士林區延平北路五段296號1樓
雲林縣,眼鏡,寶島眼鏡-西螺,1.一般眼鏡及太陽眼鏡依定價享7折(限配整付)。  2.長戴式隱形眼鏡8折，附贈隱形眼鏡保養套一組。  備註:  1.持會員卡或員工證。  2.拋棄式隱形眼鏡、促銷與特價商品、特殊品牌、藥水及訂製片除外。,2019/3/19 0:00,05-5875505,雲林縣西螺鎮中山路131號
台南市,眼鏡,寶島眼鏡-台南崇明路,1.一般眼鏡及太陽眼鏡依定價享7折(限配整付)。  2.長戴式隱形眼鏡8折，附贈隱形眼鏡保養套一組。  備註:  1.持會員卡或員工證。  2.拋棄式隱形眼鏡、促銷與特價商品、特殊品牌、藥水及訂製片除外。,2019/3/20 0:00,06-2606543,台南市東區崇明路221號
南投縣,眼鏡,寶島眼鏡-竹山,1.一般眼鏡及太陽眼鏡依定價享7折(限配整付)。  2.長戴式隱形眼鏡8折，附贈隱形眼鏡保養套一組。  備註:  1.持會員卡或員工證。  2.拋棄式隱形眼鏡、促銷與特價商品、特殊品牌、藥水及訂製片除外。,2019/3/21 0:00,049-2644045,南投縣竹山鎮下橫街59號
苗栗縣,眼鏡,寶島眼鏡-苑裡,1.一般眼鏡及太陽眼鏡依定價享7折(限配整付)。  2.長戴式隱形眼鏡8折，附贈隱形眼鏡保養套一組。  備註:  1.持會員卡或員工證。  2.拋棄式隱形眼鏡、促銷與特價商品、特殊品牌、藥水及訂製片除外。,2019/3/22 0:00,037-853123,苗栗縣苑裡鎮為公路69號
彰化縣,眼鏡,寶島眼鏡-田中,1.一般眼鏡及太陽眼鏡依定價享7折(限配整付)。  2.長戴式隱形眼鏡8折，附贈隱形眼鏡保養套一組。  備註:  1.持會員卡或員工證。  2.拋棄式隱形眼鏡、促銷與特價商品、特殊品牌、藥水及訂製片除外。,2019/3/23 0:00,04-8741900,彰化縣田中鎮中州路一段207號
桃園市,眼鏡,寶島眼鏡-桃園中正路(一),1.一般眼鏡及太陽眼鏡依定價享7折(限配整付)。  2.長戴式隱形眼鏡8折，附贈隱形眼鏡保養套一組。  備註:  1.持會員卡或員工證。  2.拋棄式隱形眼鏡、促銷與特價商品、特殊品牌、藥水及訂製片除外。,2019/3/24 0:00,03-3384288,桃園市桃園區中正路507號
高雄市,眼鏡,寶島眼鏡-高雄林園,1.一般眼鏡及太陽眼鏡依定價享7折(限配整付)。  2.長戴式隱形眼鏡8折，附贈隱形眼鏡保養套一組。  備註:  1.持會員卡或員工證。  2.拋棄式隱形眼鏡、促銷與特價商品、特殊品牌、藥水及訂製片除外。,2019/3/25 0:00,07-6435988,高雄市林園區東林西路79號
桃園市,眼鏡,寶島眼鏡-大溪慈湖路,1.一般眼鏡及太陽眼鏡依定價享7折(限配整付)。  2.長戴式隱形眼鏡8折，附贈隱形眼鏡保養套一組。  備註:  1.持會員卡或員工證。  2.拋棄式隱形眼鏡、促銷與特價商品、特殊品牌、藥水及訂製片除外。,2019/3/26 0:00,03-3873403,桃園市大溪區慈湖路93號
台南市,眼鏡,寶島眼鏡-台南中華路,1.一般眼鏡及太陽眼鏡依定價享7折(限配整付)。  2.長戴式隱形眼鏡8折，附贈隱形眼鏡保養套一組。  備註:  1.持會員卡或員工證。  2.拋棄式隱形眼鏡、促銷與特價商品、特殊品牌、藥水及訂製片除外。,2019/3/27 0:00,06-3121966,台南市永康區中華路148之1號
台中市,眼鏡,寶島眼鏡-后里,1.一般眼鏡及太陽眼鏡依定價享7折(限配整付)。  2.長戴式隱形眼鏡8折，附贈隱形眼鏡保養套一組。  備註:  1.持會員卡或員工證。  2.拋棄式隱形眼鏡、促銷與特價商品、特殊品牌、藥水及訂製片除外。,2019/3/28 0:00,04-36091276,台中市后里區后里里甲后路一段443號1樓
台中市,眼鏡,寶島眼鏡-東海,1.一般眼鏡及太陽眼鏡依定價享7折(限配整付)。  2.長戴式隱形眼鏡8折，附贈隱形眼鏡保養套一組。  備註:  1.持會員卡或員工證。  2.拋棄式隱形眼鏡、促銷與特價商品、特殊品牌、藥水及訂製片除外。,2019/3/29 0:00,04-26329400,台中市龍井區新東里新興路45號
高雄市,眼鏡,寶島眼鏡-高雄路竹,1.一般眼鏡及太陽眼鏡依定價享7折(限配整付)。  2.長戴式隱形眼鏡8折，附贈隱形眼鏡保養套一組。  備註:  1.持會員卡或員工證。  2.拋棄式隱形眼鏡、促銷與特價商品、特殊品牌、藥水及訂製片除外。,2019/3/30 0:00,07-6960906,高雄市路竹區大社路55號
台中市,眼鏡,寶島眼鏡-台中黎明路,1.一般眼鏡及太陽眼鏡依定價享7折(限配整付)。  2.長戴式隱形眼鏡8折，附贈隱形眼鏡保養套一組。  備註:  1.持會員卡或員工證。  2.拋棄式隱形眼鏡、促銷與特價商品、特殊品牌、藥水及訂製片除外。,2019/3/31 0:00,04-23841516,台中市南屯區黎明路一段1074號
高雄市,眼鏡,寶島眼鏡-高雄小港,1.一般眼鏡及太陽眼鏡依定價享7折(限配整付)。  2.長戴式隱形眼鏡8折，附贈隱形眼鏡保養套一組。  備註:  1.持會員卡或員工證。  2.拋棄式隱形眼鏡、促銷與特價商品、特殊品牌、藥水及訂製片除外。,2019/4/1 0:00,07-8032166,高雄市小港區漢民路261號
台南市,眼鏡,寶島眼鏡-台南大灣路,1.一般眼鏡及太陽眼鏡依定價享7折(限配整付)。  2.長戴式隱形眼鏡8折，附贈隱形眼鏡保養套一組。  備註:  1.持會員卡或員工證。  2.拋棄式隱形眼鏡、促銷與特價商品、特殊品牌、藥水及訂製片除外。,2019/4/2 0:00,06-2733536,台南市永康區崑山里大灣路1060號
台南市,眼鏡,寶島眼鏡-台南歸仁,1.一般眼鏡及太陽眼鏡依定價享7折(限配整付)。  2.長戴式隱形眼鏡8折，附贈隱形眼鏡保養套一組。  備註:  1.持會員卡或員工證。  2.拋棄式隱形眼鏡、促銷與特價商品、特殊品牌、藥水及訂製片除外。,2019/4/3 0:00,06-2396291,台南市歸仁區中山路一段577號
台中市,眼鏡,寶島眼鏡-霧峰,1.一般眼鏡及太陽眼鏡依定價享7折(限配整付)。  2.長戴式隱形眼鏡8折，附贈隱形眼鏡保養套一組。  備註:  1.持會員卡或員工證。  2.拋棄式隱形眼鏡、促銷與特價商品、特殊品牌、藥水及訂製片除外。,2019/4/4 0:00,04-23335775,台中市霧峰區中正路887號
屏東縣,眼鏡,寶島眼鏡-屏東中正路,1.一般眼鏡及太陽眼鏡依定價享7折(限配整付)。  2.長戴式隱形眼鏡8折，附贈隱形眼鏡保養套一組。  備註:  1.持會員卡或員工證。  2.拋棄式隱形眼鏡、促銷與特價商品、特殊品牌、藥水及訂製片除外。,2019/4/5 0:00,08-7382221,屏東縣屏東市中正路391號
嘉義縣,眼鏡,寶島眼鏡-嘉義民雄,1.一般眼鏡及太陽眼鏡依定價享7折(限配整付)。  2.長戴式隱形眼鏡8折，附贈隱形眼鏡保養套一組。  備註:  1.持會員卡或員工證。  2.拋棄式隱形眼鏡、促銷與特價商品、特殊品牌、藥水及訂製片除外。,2019/4/6 0:00,05-2063789,嘉義縣民雄鄉民族路30號
台中市,眼鏡,寶島眼鏡-東勢,1.一般眼鏡及太陽眼鏡依定價享7折(限配整付)。  2.長戴式隱形眼鏡8折，附贈隱形眼鏡保養套一組。  備註:  1.持會員卡或員工證。  2.拋棄式隱形眼鏡、促銷與特價商品、特殊品牌、藥水及訂製片除外。,2019/4/7 0:00,04-25871073,台中市東勢區豐勢路475號
新北市,眼鏡,寶島眼鏡-三重五華街,1.一般眼鏡及太陽眼鏡依定價享7折(限配整付)。  2.長戴式隱形眼鏡8折，附贈隱形眼鏡保養套一組。  備註:  1.持會員卡或員工證。  2.拋棄式隱形眼鏡、促銷與特價商品、特殊品牌、藥水及訂製片除外。,2019/4/8 0:00,02-29807535,新北市三重區五華街88號
高雄市,眼鏡,寶島眼鏡-高雄大發,1.一般眼鏡及太陽眼鏡依定價享7折(限配整付)。  2.長戴式隱形眼鏡8折，附贈隱形眼鏡保養套一組。  備註:  1.持會員卡或員工證。  2.拋棄式隱形眼鏡、促銷與特價商品、特殊品牌、藥水及訂製片除外。,2019/4/9 0:00,07-7835193,高雄市大寮區鳳林四路72號
桃園市,眼鏡,寶島眼鏡-楊梅埔心,1.一般眼鏡及太陽眼鏡依定價享7折(限配整付)。  2.長戴式隱形眼鏡8折，附贈隱形眼鏡保養套一組。  備註:  1.持會員卡或員工證。  2.拋棄式隱形眼鏡、促銷與特價商品、特殊品牌、藥水及訂製片除外。,2019/4/10 0:00,03-4816171,桃園市楊梅區永美路215號
桃園市,眼鏡,寶島眼鏡-中壢中正路,1.一般眼鏡及太陽眼鏡依定價享7折(限配整付)。  2.長戴式隱形眼鏡8折，附贈隱形眼鏡保養套一組。  備註:  1.持會員卡或員工證。  2.拋棄式隱形眼鏡、促銷與特價商品、特殊品牌、藥水及訂製片除外。,2019/4/11 0:00,03-4227246,桃園市中壢區中正路66號
高雄市,眼鏡,寶島眼鏡-楠梓建楠路,1.一般眼鏡及太陽眼鏡依定價享7折(限配整付)。  2.長戴式隱形眼鏡8折，附贈隱形眼鏡保養套一組。  備註:  1.持會員卡或員工證。  2.拋棄式隱形眼鏡、促銷與特價商品、特殊品牌、藥水及訂製片除外。,2019/4/12 0:00,07-3526712,高雄市楠梓區建楠路147號
彰化縣,眼鏡,寶島眼鏡-北斗,1.一般眼鏡及太陽眼鏡依定價享7折(限配整付)。  2.長戴式隱形眼鏡8折，附贈隱形眼鏡保養套一組。  備註:  1.持會員卡或員工證。  2.拋棄式隱形眼鏡、促銷與特價商品、特殊品牌、藥水及訂製片除外。,2019/4/13 0:00,04-8886586,彰化縣北斗鎮新政里中華路264號
彰化縣,眼鏡,寶島眼鏡-高雄梓官,1.一般眼鏡及太陽眼鏡依定價享7折(限配整付)。  2.長戴式隱形眼鏡8折，附贈隱形眼鏡保養套一組。  備註:  1.持會員卡或員工證。  2.拋棄式隱形眼鏡、促銷與特價商品、特殊品牌、藥水及訂製片除外。,2019/4/14 0:00,07-6192757,高雄市梓官區梓官路270號
台中市,眼鏡,寶島眼鏡-豐原中正路,1.一般眼鏡及太陽眼鏡依定價享7折(限配整付)。  2.長戴式隱形眼鏡8折，附贈隱形眼鏡保養套一組。  備註:  1.持會員卡或員工證。  2.拋棄式隱形眼鏡、促銷與特價商品、特殊品牌、藥水及訂製片除外。,2019/4/15 0:00,04-25253160,台中市豐原區中正路134號
桃園市,眼鏡,寶島眼鏡-內壢中華路,1.一般眼鏡及太陽眼鏡依定價享7折(限配整付)。  2.長戴式隱形眼鏡8折，附贈隱形眼鏡保養套一組。  備註:  1.持會員卡或員工證。  2.拋棄式隱形眼鏡、促銷與特價商品、特殊品牌、藥水及訂製片除外。,2019/4/16 0:00,03-4639075,桃園市中壢區中華路一段186號
台中市,眼鏡,寶島眼鏡-台中北屯路,1.一般眼鏡及太陽眼鏡依定價享7折(限配整付)。  2.長戴式隱形眼鏡8折，附贈隱形眼鏡保養套一組。  備註:  1.持會員卡或員工證。  2.拋棄式隱形眼鏡、促銷與特價商品、特殊品牌、藥水及訂製片除外。,2019/4/17 0:00,04-22315385,台中市北屯區北屯路174號
彰化縣,眼鏡,寶島眼鏡-二林,1.一般眼鏡及太陽眼鏡依定價享7折(限配整付)。  2.長戴式隱形眼鏡8折，附贈隱形眼鏡保養套一組。  備註:  1.持會員卡或員工證。  2.拋棄式隱形眼鏡、促銷與特價商品、特殊品牌、藥水及訂製片除外。,2019/4/18 0:00,04-8964332,彰化縣二林鎮斗苑路五段128號
新北市,眼鏡,寶島眼鏡-中和員山路,1.一般眼鏡及太陽眼鏡依定價享7折(限配整付)。  2.長戴式隱形眼鏡8折，附贈隱形眼鏡保養套一組。  備註:  1.持會員卡或員工證。  2.拋棄式隱形眼鏡、促銷與特價商品、特殊品牌、藥水及訂製片除外。,2019/4/19 0:00,02-22257197,新北市中和區員山路170號
台北市,眼鏡,寶島眼鏡-南京東路,1.一般眼鏡及太陽眼鏡依定價享7折(限配整付)。  2.長戴式隱形眼鏡8折，附贈隱形眼鏡保養套一組。  備註:  1.持會員卡或員工證。  2.拋棄式隱形眼鏡、促銷與特價商品、特殊品牌、藥水及訂製片除外。,2019/4/20 0:00,02-25113883,台北市中山區南京東路一段8號
台南市,眼鏡,寶島眼鏡-台南海佃路,1.一般眼鏡及太陽眼鏡依定價享7折(限配整付)。  2.長戴式隱形眼鏡8折，附贈隱形眼鏡保養套一組。  備註:  1.持會員卡或員工證。  2.拋棄式隱形眼鏡、促銷與特價商品、特殊品牌、藥水及訂製片除外。,2019/4/21 0:00,06-2508474,台南市安南區海佃路一段153號
桃園市,眼鏡,寶島眼鏡-中壢中原,1.一般眼鏡及太陽眼鏡依定價享7折(限配整付)。  2.長戴式隱形眼鏡8折，附贈隱形眼鏡保養套一組。  備註:  1.持會員卡或員工證。  2.拋棄式隱形眼鏡、促銷與特價商品、特殊品牌、藥水及訂製片除外。,2019/4/22 0:00,03-4376830,桃園市中壢區中山東路二段18號
台北市,眼鏡,寶島眼鏡-木新路,1.一般眼鏡及太陽眼鏡依定價享7折(限配整付)。  2.長戴式隱形眼鏡8折，附贈隱形眼鏡保養套一組。  備註:  1.持會員卡或員工證。  2.拋棄式隱形眼鏡、促銷與特價商品、特殊品牌、藥水及訂製片除外。,2019/4/23 0:00,02-29377637,台北市文山區木新路二段223號
雲林縣,眼鏡,寶島眼鏡-斗南,1.一般眼鏡及太陽眼鏡依定價享7折(限配整付)。  2.長戴式隱形眼鏡8折，附贈隱形眼鏡保養套一組。  備註:  1.持會員卡或員工證。  2.拋棄式隱形眼鏡、促銷與特價商品、特殊品牌、藥水及訂製片除外。,2019/4/24 0:00,05-5964536,雲林縣斗南鎮中山路147號
新北市,眼鏡,寶島眼鏡-汐止大同路,1.一般眼鏡及太陽眼鏡依定價享7折(限配整付)。  2.長戴式隱形眼鏡8折，附贈隱形眼鏡保養套一組。  備註:  1.持會員卡或員工證。  2.拋棄式隱形眼鏡、促銷與特價商品、特殊品牌、藥水及訂製片除外。,2019/4/25 0:00,02-26480567,新北市汐止區大同路二段531號
苗栗縣,眼鏡,寶島眼鏡-頭份仁愛路,1.一般眼鏡及太陽眼鏡依定價享7折(限配整付)。  2.長戴式隱形眼鏡8折，附贈隱形眼鏡保養套一組。  備註:  1.持會員卡或員工證。  2.拋棄式隱形眼鏡、促銷與特價商品、特殊品牌、藥水及訂製片除外。,2019/4/26 0:00,037-680665,苗栗縣頭份市仁愛路56號
台南市,眼鏡,寶島眼鏡-台南公園路,1.一般眼鏡及太陽眼鏡依定價享7折(限配整付)。  2.長戴式隱形眼鏡8折，附贈隱形眼鏡保養套一組。  備註:  1.持會員卡或員工證。  2.拋棄式隱形眼鏡、促銷與特價商品、特殊品牌、藥水及訂製片除外。,2019/4/27 0:00,06-2821208,台南市北區公園路585號
桃園市,眼鏡,寶島眼鏡-八德大湳,1.一般眼鏡及太陽眼鏡依定價享7折(限配整付)。  2.長戴式隱形眼鏡8折，附贈隱形眼鏡保養套一組。  備註:  1.持會員卡或員工證。  2.拋棄式隱形眼鏡、促銷與特價商品、特殊品牌、藥水及訂製片除外。,2019/4/28 0:00,03-3678866,桃園市八德區介壽路一段1033號
台北市,眼鏡,寶島眼鏡-忠孝永春,1.一般眼鏡及太陽眼鏡依定價享7折(限配整付)。  2.長戴式隱形眼鏡8折，附贈隱形眼鏡保養套一組。  備註:  1.持會員卡或員工證。  2.拋棄式隱形眼鏡、促銷與特價商品、特殊品牌、藥水及訂製片除外。,2019/4/29 0:00,02-27222940,台北市信義區忠孝東路五段440號
新北市,眼鏡,寶島眼鏡-三峽民生街,1.一般眼鏡及太陽眼鏡依定價享7折(限配整付)。  2.長戴式隱形眼鏡8折，附贈隱形眼鏡保養套一組。  備註:  1.持會員卡或員工證。  2.拋棄式隱形眼鏡、促銷與特價商品、特殊品牌、藥水及訂製片除外。,2019/4/30 0:00,02-26736545,新北市三峽區民生街119號
高雄市,眼鏡,寶島眼鏡-鳳山新高鳳,1.一般眼鏡及太陽眼鏡依定價享7折(限配整付)。  2.長戴式隱形眼鏡8折，附贈隱形眼鏡保養套一組。  備註:  1.持會員卡或員工證。  2.拋棄式隱形眼鏡、促銷與特價商品、特殊品牌、藥水及訂製片除外。,2019/5/1 0:00,07-9630351,高雄市鳳山區光遠路360號1樓
新北市,眼鏡,寶島眼鏡-蘆洲集賢路,1.一般眼鏡及太陽眼鏡依定價享7折(限配整付)。  2.長戴式隱形眼鏡8折，附贈隱形眼鏡保養套一組。  備註:  1.持會員卡或員工證。  2.拋棄式隱形眼鏡、促銷與特價商品、特殊品牌、藥水及訂製片除外。,2019/5/2 0:00,02-66371870,新北市蘆洲區集賢路225號1樓
桃園市,眼鏡,寶島眼鏡-中壢福州一街,1.一般眼鏡及太陽眼鏡依定價享7折(限配整付)。  2.長戴式隱形眼鏡8折，附贈隱形眼鏡保養套一組。  備註:  1.持會員卡或員工證。  2.拋棄式隱形眼鏡、促銷與特價商品、特殊品牌、藥水及訂製片除外。,2019/5/3 0:00,03-2639006,桃園市中壢區福州一街231號1樓
桃園市,眼鏡,寶島眼鏡-蘆竹大竹路,1.一般眼鏡及太陽眼鏡依定價享7折(限配整付)。  2.長戴式隱形眼鏡8折，附贈隱形眼鏡保養套一組。  備註:  1.持會員卡或員工證。  2.拋棄式隱形眼鏡、促銷與特價商品、特殊品牌、藥水及訂製片除外。,2019/5/4 0:00,03-2639116,桃園市蘆竹區大竹路451號
台中市,眼鏡,寶島眼鏡-豐原成功路,1.一般眼鏡及太陽眼鏡依定價享7折(限配整付)。  2.長戴式隱形眼鏡8折，附贈隱形眼鏡保養套一組。  備註:  1.持會員卡或員工證。  2.拋棄式隱形眼鏡、促銷與特價商品、特殊品牌、藥水及訂製片除外。,2019/5/5 0:00,04-36093766,台中市豐原區成功路222號
台南市,眼鏡,寶島眼鏡-白河中山路,1.一般眼鏡及太陽眼鏡依定價享7折(限配整付)。  2.長戴式隱形眼鏡8折，附贈隱形眼鏡保養套一組。  備註:  1.持會員卡或員工證。  2.拋棄式隱形眼鏡、促銷與特價商品、特殊品牌、藥水及訂製片除外。,2019/5/6 0:00,06-6025695,台南市白河區中山路3-2號1樓
嘉義市,眼鏡,寶島眼鏡-嘉義新生路,1.一般眼鏡及太陽眼鏡依定價享7折(限配整付)。  2.長戴式隱形眼鏡8折，附贈隱形眼鏡保養套一組。  備註:  1.持會員卡或員工證。  2.拋棄式隱形眼鏡、促銷與特價商品、特殊品牌、藥水及訂製片除外。,2019/5/7 0:00,05-3103717,嘉義市東區新生路621號
高雄市,眼鏡,寶島眼鏡-高雄新田路,1.一般眼鏡及太陽眼鏡依定價享7折(限配整付)。  2.長戴式隱形眼鏡8折，附贈隱形眼鏡保養套一組。  備註:  1.持會員卡或員工證。  2.拋棄式隱形眼鏡、促銷與特價商品、特殊品牌、藥水及訂製片除外。,2019/5/8 0:00,07-9631351,高雄市新興區新田路137號1樓
新北市,眼鏡,寶島眼鏡-汐止工建路,1.一般眼鏡及太陽眼鏡依定價享7折(限配整付)。  2.長戴式隱形眼鏡8折，附贈隱形眼鏡保養套一組。  備註:  1.持會員卡或員工證。  2.拋棄式隱形眼鏡、促銷與特價商品、特殊品牌、藥水及訂製片除外。,2019/5/9 0:00,02-66372001,新北市汐止區忠孝里工建路40號
花蓮縣,眼鏡,寶島眼鏡-花蓮吉安,1.一般眼鏡及太陽眼鏡依定價享7折(限配整付)。  2.長戴式隱形眼鏡8折，附贈隱形眼鏡保養套一組。  備註:  1.持會員卡或員工證。  2.拋棄式隱形眼鏡、促銷與特價商品、特殊品牌、藥水及訂製片除外。,2019/5/10 0:00,038-053788,花蓮縣吉安鄉宜昌村中華路二段52號
新北市,眼鏡,寶島眼鏡-淡水新市,1.一般眼鏡及太陽眼鏡依定價享7折(限配整付)。  2.長戴式隱形眼鏡8折，附贈隱形眼鏡保養套一組。  備註:  1.持會員卡或員工證。  2.拋棄式隱形眼鏡、促銷與特價商品、特殊品牌、藥水及訂製片除外。,2019/5/11 0:00,02-66375206,新北市淡水區中山北路二段203號
台北市,眼鏡,寶島眼鏡-汀州路,1.一般眼鏡及太陽眼鏡依定價享7折(限配整付)。  2.長戴式隱形眼鏡8折，附贈隱形眼鏡保養套一組。  備註:  1.持會員卡或員工證。  2.拋棄式隱形眼鏡、促銷與特價商品、特殊品牌、藥水及訂製片除外。,2019/5/12 0:00,02-23671570,台北市中正區汀州路三段162號
苗栗縣,眼鏡,寶島眼鏡-頭份建國路,1.一般眼鏡及太陽眼鏡依定價享7折(限配整付)。  2.長戴式隱形眼鏡8折，附贈隱形眼鏡保養套一組。  備註:  1.持會員卡或員工證。  2.拋棄式隱形眼鏡、促銷與特價商品、特殊品牌、藥水及訂製片除外。,2019/5/13 0:00,037-243538,苗栗縣頭份市建國路58號
新竹縣,眼鏡,寶島眼鏡-竹北文興路,1.一般眼鏡及太陽眼鏡依定價享7折(限配整付)。  2.長戴式隱形眼鏡8折，附贈隱形眼鏡保養套一組。  備註:  1.持會員卡或員工證。  2.拋棄式隱形眼鏡、促銷與特價商品、特殊品牌、藥水及訂製片除外。,2019/5/14 0:00,03-6105956,新竹縣竹北市文興路一段257號1樓
台南市,眼鏡,寶島眼鏡-台南仁德,1.一般眼鏡及太陽眼鏡依定價享7折(限配整付)。  2.長戴式隱形眼鏡8折，附贈隱形眼鏡保養套一組。  備註:  1.持會員卡或員工證。  2.拋棄式隱形眼鏡、促銷與特價商品、特殊品牌、藥水及訂製片除外。,2019/5/15 0:00,06-6020298,台南市仁德區中山路440號1樓
台北市,眼鏡,寶島眼鏡-明德路,1.一般眼鏡及太陽眼鏡依定價享7折(限配整付)。  2.長戴式隱形眼鏡8折，附贈隱形眼鏡保養套一組。  備註:  1.持會員卡或員工證。  2.拋棄式隱形眼鏡、促銷與特價商品、特殊品牌、藥水及訂製片除外。,2019/5/16 0:00,02-28202469,台北市北投區明德路107號
台北市,眼鏡,寶島眼鏡-南昌路,1.一般眼鏡及太陽眼鏡依定價享7折(限配整付)。  2.長戴式隱形眼鏡8折，附贈隱形眼鏡保養套一組。  備註:  1.持會員卡或員工證。  2.拋棄式隱形眼鏡、促銷與特價商品、特殊品牌、藥水及訂製片除外。,2019/5/17 0:00,02-23959007,台北市中正區南昌路一段139號
台中市,眼鏡,寶島眼鏡-台中中清路,1.一般眼鏡及太陽眼鏡依定價享7折(限配整付)。  2.長戴式隱形眼鏡8折，附贈隱形眼鏡保養套一組。  備註:  1.持會員卡或員工證。  2.拋棄式隱形眼鏡、促銷與特價商品、特殊品牌、藥水及訂製片除外。,2019/5/18 0:00,04-22950128,台中市北屯區大德里中清路二段260號1樓
宜蘭縣,眼鏡,寶島眼鏡-宜蘭中山路,1.一般眼鏡及太陽眼鏡依定價享7折(限配整付)。  2.長戴式隱形眼鏡8折，附贈隱形眼鏡保養套一組。  備註:  1.持會員卡或員工證。  2.拋棄式隱形眼鏡、促銷與特價商品、特殊品牌、藥水及訂製片除外。,2019/5/19 0:00,039-355110,宜蘭縣宜蘭市中山路三段17號
屏東縣,眼鏡,寶島眼鏡-屏東萬丹,1.一般眼鏡及太陽眼鏡依定價享7折(限配整付)。  2.長戴式隱形眼鏡8折，附贈隱形眼鏡保養套一組。  備註:  1.持會員卡或員工證。  2.拋棄式隱形眼鏡、促銷與特價商品、特殊品牌、藥水及訂製片除外。,2019/5/20 0:00,08-7761460,屏東縣萬丹鄉萬全村萬丹路一段269號
新北市,眼鏡,寶島眼鏡-三重重新路,1.一般眼鏡及太陽眼鏡依定價享7折(限配整付)。  2.長戴式隱形眼鏡8折，附贈隱形眼鏡保養套一組。  備註:  1.持會員卡或員工證。  2.拋棄式隱形眼鏡、促銷與特價商品、特殊品牌、藥水及訂製片除外。,2019/5/21 0:00,02-89725948,新北市三重區重新路三段136號1樓
彰化縣,眼鏡,寶島眼鏡-彰化中山路,1.一般眼鏡及太陽眼鏡依定價享7折(限配整付)。  2.長戴式隱形眼鏡8折，附贈隱形眼鏡保養套一組。  備註:  1.持會員卡或員工證。  2.拋棄式隱形眼鏡、促銷與特價商品、特殊品牌、藥水及訂製片除外。,2019/5/22 0:00,04-7294069,彰化縣彰化市中山路二段214之1號
台北市,眼鏡,寶島眼鏡-龍江路,1.一般眼鏡及太陽眼鏡依定價享7折(限配整付)。  2.長戴式隱形眼鏡8折，附贈隱形眼鏡保養套一組。  備註:  1.持會員卡或員工證。  2.拋棄式隱形眼鏡、促銷與特價商品、特殊品牌、藥水及訂製片除外。,2019/5/23 0:00,02-25156212,台北市中山區龍江路291號1樓
高雄市,眼鏡,寶島眼鏡-高雄陽明路,1.一般眼鏡及太陽眼鏡依定價享7折(限配整付)。  2.長戴式隱形眼鏡8折，附贈隱形眼鏡保養套一組。  備註:  1.持會員卡或員工證。  2.拋棄式隱形眼鏡、促銷與特價商品、特殊品牌、藥水及訂製片除外。,2019/5/24 0:00,07-3929201,高雄市三民區陽明路91號1樓
台中市,眼鏡,寶島眼鏡-逢甲至善路,1.一般眼鏡及太陽眼鏡依定價享7折(限配整付)。  2.長戴式隱形眼鏡8折，附贈隱形眼鏡保養套一組。  備註:  1.持會員卡或員工證。  2.拋棄式隱形眼鏡、促銷與特價商品、特殊品牌、藥水及訂製片除外。,2019/5/25 0:00,04-24511288,台中市西屯區西屯路二段282之25號
新竹縣,眼鏡,寶島眼鏡-竹北自強南路,1.一般眼鏡及太陽眼鏡依定價享7折(限配整付)。  2.長戴式隱形眼鏡8折，附贈隱形眼鏡保養套一組。  備註:  1.持會員卡或員工證。  2.拋棄式隱形眼鏡、促銷與特價商品、特殊品牌、藥水及訂製片除外。,2019/5/26 0:00,03-6585815,新竹縣竹北市自強南路45號1樓
新北市,眼鏡,寶島眼鏡-板橋中正路,1.一般眼鏡及太陽眼鏡依定價享7折(限配整付)。  2.長戴式隱形眼鏡8折，附贈隱形眼鏡保養套一組。  備註:  1.持會員卡或員工證。  2.拋棄式隱形眼鏡、促銷與特價商品、特殊品牌、藥水及訂製片除外。,2019/5/27 0:00,02-29687128,新北市板橋區中正路263號
新北市,眼鏡,寶島眼鏡-新店民權路,1.一般眼鏡及太陽眼鏡依定價享7折(限配整付)。  2.長戴式隱形眼鏡8折，附贈隱形眼鏡保養套一組。  備註:  1.持會員卡或員工證。  2.拋棄式隱形眼鏡、促銷與特價商品、特殊品牌、藥水及訂製片除外。,2019/5/28 0:00,02-29100920,新北市新店區民權路46號
新北市,眼鏡,寶島眼鏡-板橋陽明街,1.一般眼鏡及太陽眼鏡依定價享7折(限配整付)。  2.長戴式隱形眼鏡8折，附贈隱形眼鏡保養套一組。  備註:  1.持會員卡或員工證。  2.拋棄式隱形眼鏡、促銷與特價商品、特殊品牌、藥水及訂製片除外。,2019/5/29 0:00,02-22558263,新北市板橋區陽明街4號
雲林縣,眼鏡,寶島眼鏡-斗六民生南路,1.一般眼鏡及太陽眼鏡依定價享7折(限配整付)。  2.長戴式隱形眼鏡8折，附贈隱形眼鏡保養套一組。  備註:  1.持會員卡或員工證。  2.拋棄式隱形眼鏡、促銷與特價商品、特殊品牌、藥水及訂製片除外。,2019/5/30 0:00,05-5350552,雲林縣斗六市民生南路115號
台北市,眼鏡,寶島眼鏡-忠孝正義,1.一般眼鏡及太陽眼鏡依定價享7折(限配整付)。  2.長戴式隱形眼鏡8折，附贈隱形眼鏡保養套一組。  備註:  1.持會員卡或員工證。  2.拋棄式隱形眼鏡、促銷與特價商品、特殊品牌、藥水及訂製片除外。,2019/5/31 0:00,02-27211909,台北市大安區忠孝東路三段198號
新竹縣,眼鏡,寶島眼鏡-竹東長春路,1.一般眼鏡及太陽眼鏡依定價享7折(限配整付)。  2.長戴式隱形眼鏡8折，附贈隱形眼鏡保養套一組。  備註:  1.持會員卡或員工證。  2.拋棄式隱形眼鏡、促銷與特價商品、特殊品牌、藥水及訂製片除外。,2019/6/1 0:00,03-5953942,新竹縣竹東鎮長春路二段60號
台北市,眼鏡,寶島眼鏡-內湖路,1.一般眼鏡及太陽眼鏡依定價享7折(限配整付)。  2.長戴式隱形眼鏡8折，附贈隱形眼鏡保養套一組。  備註:  1.持會員卡或員工證。  2.拋棄式隱形眼鏡、促銷與特價商品、特殊品牌、藥水及訂製片除外。,2019/6/2 0:00,02-26277835,台北市內湖區內湖路一段604號
台北市,眼鏡,寶島眼鏡-內湖成功路,1.一般眼鏡及太陽眼鏡依定價享7折(限配整付)。  2.長戴式隱形眼鏡8折，附贈隱形眼鏡保養套一組。  備註:  1.持會員卡或員工證。  2.拋棄式隱形眼鏡、促銷與特價商品、特殊品牌、藥水及訂製片除外。,2019/6/3 0:00,02-27934046,台北市內湖區成功路四段55號
台北市,眼鏡,寶島眼鏡-晴光,1.一般眼鏡及太陽眼鏡依定價享7折(限配整付)。  2.長戴式隱形眼鏡8折，附贈隱形眼鏡保養套一組。  備註:  1.持會員卡或員工證。  2.拋棄式隱形眼鏡、促銷與特價商品、特殊品牌、藥水及訂製片除外。,2019/6/4 0:00,02-25960891,台北市中山區農安街23號
高雄市,眼鏡,寶島眼鏡-鳳山光遠路,1.一般眼鏡及太陽眼鏡依定價享7折(限配整付)。  2.長戴式隱形眼鏡8折，附贈隱形眼鏡保養套一組。  備註:  1.持會員卡或員工證。  2.拋棄式隱形眼鏡、促銷與特價商品、特殊品牌、藥水及訂製片除外。,2019/6/5 0:00,07-7198412,高雄市鳳山區縣衙里光遠路346號
高雄市,眼鏡,寶島眼鏡-高雄國際,1.一般眼鏡及太陽眼鏡依定價享7折(限配整付)。  2.長戴式隱形眼鏡8折，附贈隱形眼鏡保養套一組。  備註:  1.持會員卡或員工證。  2.拋棄式隱形眼鏡、促銷與特價商品、特殊品牌、藥水及訂製片除外。,2019/6/6 0:00,07-7212338,高雄市苓雅區三多二路15號
台中市,眼鏡,寶島眼鏡-台中美村路,1.一般眼鏡及太陽眼鏡依定價享7折(限配整付)。  2.長戴式隱形眼鏡8折，附贈隱形眼鏡保養套一組。  備註:  1.持會員卡或員工證。  2.拋棄式隱形眼鏡、促銷與特價商品、特殊品牌、藥水及訂製片除外。,2019/6/7 0:00,04-23028158,台中市西區美村路一段256號
台北市,眼鏡,寶島眼鏡-南港路,1.一般眼鏡及太陽眼鏡依定價享7折(限配整付)。  2.長戴式隱形眼鏡8折，附贈隱形眼鏡保養套一組。  備註:  1.持會員卡或員工證。  2.拋棄式隱形眼鏡、促銷與特價商品、特殊品牌、藥水及訂製片除外。,2019/6/8 0:00,02-26515861,台北市南港區南港路二段12號
雲林縣,眼鏡,寶島眼鏡-北港,1.一般眼鏡及太陽眼鏡依定價享7折(限配整付)。  2.長戴式隱形眼鏡8折，附贈隱形眼鏡保養套一組。  備註:  1.持會員卡或員工證。  2.拋棄式隱形眼鏡、促銷與特價商品、特殊品牌、藥水及訂製片除外。,2019/6/9 0:00,05-7822405,雲林縣北港鎮文化路55之5號
台中市,眼鏡,寶島眼鏡-台中西屯路,1.一般眼鏡及太陽眼鏡依定價享7折(限配整付)。  2.長戴式隱形眼鏡8折，附贈隱形眼鏡保養套一組。  備註:  1.持會員卡或員工證。  2.拋棄式隱形眼鏡、促銷與特價商品、特殊品牌、藥水及訂製片除外。,2019/6/10 0:00,04-23123133,台中市西屯區西屯路二段30之1號
台南市,眼鏡,寶島眼鏡-台南佳里,1.一般眼鏡及太陽眼鏡依定價享7折(限配整付)。  2.長戴式隱形眼鏡8折，附贈隱形眼鏡保養套一組。  備註:  1.持會員卡或員工證。  2.拋棄式隱形眼鏡、促銷與特價商品、特殊品牌、藥水及訂製片除外。,2019/6/11 0:00,06-7233066,台南市佳里區光復路321號
台北市,眼鏡,寶島眼鏡-東湖路,1.一般眼鏡及太陽眼鏡依定價享7折(限配整付)。  2.長戴式隱形眼鏡8折，附贈隱形眼鏡保養套一組。  備註:  1.持會員卡或員工證。  2.拋棄式隱形眼鏡、促銷與特價商品、特殊品牌、藥水及訂製片除外。,2019/6/12 0:00,02-26334101,台北市內湖區東湖路8號1樓
南投縣,眼鏡,寶島眼鏡-南投,1.一般眼鏡及太陽眼鏡依定價享7折(限配整付)。  2.長戴式隱形眼鏡8折，附贈隱形眼鏡保養套一組。  備註:  1.持會員卡或員工證。  2.拋棄式隱形眼鏡、促銷與特價商品、特殊品牌、藥水及訂製片除外。,2019/6/13 0:00,049-2237040,南投縣南投市復興路211號
新北市,眼鏡,寶島眼鏡-新莊民安路,1.一般眼鏡及太陽眼鏡依定價享7折(限配整付)。  2.長戴式隱形眼鏡8折，附贈隱形眼鏡保養套一組。  備註:  1.持會員卡或員工證。  2.拋棄式隱形眼鏡、促銷與特價商品、特殊品牌、藥水及訂製片除外。,2019/6/14 0:00,02-22049280,新北市新莊區民安路224號
高雄市,眼鏡,寶島眼鏡-高雄三多路,1.一般眼鏡及太陽眼鏡依定價享7折(限配整付)。  2.長戴式隱形眼鏡8折，附贈隱形眼鏡保養套一組。  備註:  1.持會員卡或員工證。  2.拋棄式隱形眼鏡、促銷與特價商品、特殊品牌、藥水及訂製片除外。,2019/6/15 0:00,07-3300317,高雄市苓雅區三多三路212號
高雄市,眼鏡,寶島眼鏡-高雄瑞隆路,1.一般眼鏡及太陽眼鏡依定價享7折(限配整付)。  2.長戴式隱形眼鏡8折，附贈隱形眼鏡保養套一組。  備註:  1.持會員卡或員工證。  2.拋棄式隱形眼鏡、促銷與特價商品、特殊品牌、藥水及訂製片除外。,2019/6/16 0:00,07-9630438,高雄市前鎮區瑞隆路559號
新竹縣,眼鏡,寶島眼鏡-竹北三民路,1.一般眼鏡及太陽眼鏡依定價享7折(限配整付)。  2.長戴式隱形眼鏡8折，附贈隱形眼鏡保養套一組。  備註:  1.持會員卡或員工證。  2.拋棄式隱形眼鏡、促銷與特價商品、特殊品牌、藥水及訂製片除外。,2019/6/17 0:00,03-5550116,新竹縣竹北市三民路548號
桃園市,眼鏡,寶島眼鏡-平鎮山仔頂,1.一般眼鏡及太陽眼鏡依定價享7折(限配整付)。  2.長戴式隱形眼鏡8折，附贈隱形眼鏡保養套一組。  備註:  1.持會員卡或員工證。  2.拋棄式隱形眼鏡、促銷與特價商品、特殊品牌、藥水及訂製片除外。,2019/6/18 0:00,03-4694086,桃園市平鎮區中豐路山頂段197之1號
彰化縣,眼鏡,寶島眼鏡-鹿港中山路,1.一般眼鏡及太陽眼鏡依定價享7折(限配整付)。  2.長戴式隱形眼鏡8折，附贈隱形眼鏡保養套一組。  備註:  1.持會員卡或員工證。  2.拋棄式隱形眼鏡、促銷與特價商品、特殊品牌、藥水及訂製片除外。,2019/6/19 0:00,04-7763789,彰化縣鹿港鎮中興里4鄰中山路215號
台北市,眼鏡,寶島眼鏡-民生東路,1.一般眼鏡及太陽眼鏡依定價享7折(限配整付)。  2.長戴式隱形眼鏡8折，附贈隱形眼鏡保養套一組。  備註:  1.持會員卡或員工證。  2.拋棄式隱形眼鏡、促銷與特價商品、特殊品牌、藥水及訂製片除外。,2019/6/20 0:00,02-27649758,台北市松山區民生東路五段119之1號
新北市,眼鏡,寶島眼鏡-板橋新埔,1.一般眼鏡及太陽眼鏡依定價享7折(限配整付)。  2.長戴式隱形眼鏡8折，附贈隱形眼鏡保養套一組。  備註:  1.持會員卡或員工證。  2.拋棄式隱形眼鏡、促銷與特價商品、特殊品牌、藥水及訂製片除外。,2019/6/21 0:00,02-22524642,新北市板橋區文化路二段27號
南投縣,眼鏡,寶島眼鏡-埔里南昌街,1.一般眼鏡及太陽眼鏡依定價享7折(限配整付)。  2.長戴式隱形眼鏡8折，附贈隱形眼鏡保養套一組。  備註:  1.持會員卡或員工證。  2.拋棄式隱形眼鏡、促銷與特價商品、特殊品牌、藥水及訂製片除外。,2019/6/22 0:00,049-2988522,南投縣埔里鎮南昌街269號
台北市,眼鏡,寶島眼鏡-興隆路,1.一般眼鏡及太陽眼鏡依定價享7折(限配整付)。  2.長戴式隱形眼鏡8折，附贈隱形眼鏡保養套一組。  備註:  1.持會員卡或員工證。  2.拋棄式隱形眼鏡、促銷與特價商品、特殊品牌、藥水及訂製片除外。,2019/6/23 0:00,02-29311763,台北市文山區興隆路三段30號
台北市,眼鏡,寶島眼鏡-酒泉街,1.一般眼鏡及太陽眼鏡依定價享7折(限配整付)。  2.長戴式隱形眼鏡8折，附贈隱形眼鏡保養套一組。  備註:  1.持會員卡或員工證。  2.拋棄式隱形眼鏡、促銷與特價商品、特殊品牌、藥水及訂製片除外。,2019/6/24 0:00,02-25861956,台北市大同區酒泉街135號
新北市,眼鏡,寶島眼鏡-泰山明志路,1.一般眼鏡及太陽眼鏡依定價享7折(限配整付)。  2.長戴式隱形眼鏡8折，附贈隱形眼鏡保養套一組。  備註:  1.持會員卡或員工證。  2.拋棄式隱形眼鏡、促銷與特價商品、特殊品牌、藥水及訂製片除外。,2019/6/25 0:00,02-29040526,新北市泰山區明志路二段398號
台南市,眼鏡,寶島眼鏡-台南東寧路,1.一般眼鏡及太陽眼鏡依定價享7折(限配整付)。  2.長戴式隱形眼鏡8折，附贈隱形眼鏡保養套一組。  備註:  1.持會員卡或員工證。  2.拋棄式隱形眼鏡、促銷與特價商品、特殊品牌、藥水及訂製片除外。,2019/6/26 0:00,06-2749998,台南市東區東寧路203號
台南市,眼鏡,寶島眼鏡-台南永康,1.一般眼鏡及太陽眼鏡依定價享7折(限配整付)。  2.長戴式隱形眼鏡8折，附贈隱形眼鏡保養套一組。  備註:  1.持會員卡或員工證。  2.拋棄式隱形眼鏡、促銷與特價商品、特殊品牌、藥水及訂製片除外。,2019/6/27 0:00,06-2312233,台南市永康區中山南路41號
屏東縣,眼鏡,寶島眼鏡-屏東東港,1.一般眼鏡及太陽眼鏡依定價享7折(限配整付)。  2.長戴式隱形眼鏡8折，附贈隱形眼鏡保養套一組。  備註:  1.持會員卡或員工證。  2.拋棄式隱形眼鏡、促銷與特價商品、特殊品牌、藥水及訂製片除外。,2019/6/28 0:00,08-8352328,屏東縣東港鎮中正路153號
桃園市,眼鏡,寶島眼鏡-龍潭中正路,1.一般眼鏡及太陽眼鏡依定價享7折(限配整付)。  2.長戴式隱形眼鏡8折，附贈隱形眼鏡保養套一組。  備註:  1.持會員卡或員工證。  2.拋棄式隱形眼鏡、促銷與特價商品、特殊品牌、藥水及訂製片除外。,2019/6/29 0:00,03-4893829,桃園市龍潭區中正路125之1號
基隆市,眼鏡,寶島眼鏡-基隆長庚,1.一般眼鏡及太陽眼鏡依定價享7折(限配整付)。  2.長戴式隱形眼鏡8折，附贈隱形眼鏡保養套一組。  備註:  1.持會員卡或員工證。  2.拋棄式隱形眼鏡、促銷與特價商品、特殊品牌、藥水及訂製片除外。,2019/6/30 0:00,02-24301029,基隆市安樂區安樂路二段147號
新北市,眼鏡,寶島眼鏡-板橋忠孝路,1.一般眼鏡及太陽眼鏡依定價享7折(限配整付)。  2.長戴式隱形眼鏡8折，附贈隱形眼鏡保養套一組。  備註:  1.持會員卡或員工證。  2.拋棄式隱形眼鏡、促銷與特價商品、特殊品牌、藥水及訂製片除外。,2019/7/1 0:00,02-29638613,新北市板橋區忠孝路93號
彰化縣,眼鏡,寶島眼鏡-溪湖,1.一般眼鏡及太陽眼鏡依定價享7折(限配整付)。  2.長戴式隱形眼鏡8折，附贈隱形眼鏡保養套一組。  備註:  1.持會員卡或員工證。  2.拋棄式隱形眼鏡、促銷與特價商品、特殊品牌、藥水及訂製片除外。,2019/7/2 0:00,04-8826065,彰化縣溪湖鎮彰水路三段306號
苗栗縣,眼鏡,寶島眼鏡-竹南,1.一般眼鏡及太陽眼鏡依定價享7折(限配整付)。  2.長戴式隱形眼鏡8折，附贈隱形眼鏡保養套一組。  備註:  1.持會員卡或員工證。  2.拋棄式隱形眼鏡、促銷與特價商品、特殊品牌、藥水及訂製片除外。,2019/7/3 0:00,037-474393,苗栗縣竹南鎮博愛街40號
台北市,眼鏡,寶島眼鏡-石牌,1.一般眼鏡及太陽眼鏡依定價享7折(限配整付)。  2.長戴式隱形眼鏡8折，附贈隱形眼鏡保養套一組。  備註:  1.持會員卡或員工證。  2.拋棄式隱形眼鏡、促銷與特價商品、特殊品牌、藥水及訂製片除外。,2019/7/4 0:00,02-28228086,台北市北投區石牌路二段55號
新北市,眼鏡,寶島眼鏡-中和中和路,1.一般眼鏡及太陽眼鏡依定價享7折(限配整付)。  2.長戴式隱形眼鏡8折，附贈隱形眼鏡保養套一組。  備註:  1.持會員卡或員工證。  2.拋棄式隱形眼鏡、促銷與特價商品、特殊品牌、藥水及訂製片除外。,2019/7/5 0:00,02-22407838,新北市中和區中和路111號
新北市,眼鏡,寶島眼鏡-樹林中山路,1.一般眼鏡及太陽眼鏡依定價享7折(限配整付)。  2.長戴式隱形眼鏡8折，附贈隱形眼鏡保養套一組。  備註:  1.持會員卡或員工證。  2.拋棄式隱形眼鏡、促銷與特價商品、特殊品牌、藥水及訂製片除外。,2019/7/6 0:00,02-26830456,新北市樹林區中山路一段28號
台南市,眼鏡,寶島眼鏡-台南西門路,1.一般眼鏡及太陽眼鏡依定價享7折(限配整付)。  2.長戴式隱形眼鏡8折，附贈隱形眼鏡保養套一組。  備註:  1.持會員卡或員工證。  2.拋棄式隱形眼鏡、促銷與特價商品、特殊品牌、藥水及訂製片除外。,2019/7/7 0:00,06-2142525,台南市中西區西門路一段404號
高雄市,眼鏡,寶島眼鏡-高雄五甲,1.一般眼鏡及太陽眼鏡依定價享7折(限配整付)。  2.長戴式隱形眼鏡8折，附贈隱形眼鏡保養套一組。  備註:  1.持會員卡或員工證。  2.拋棄式隱形眼鏡、促銷與特價商品、特殊品牌、藥水及訂製片除外。,2019/7/8 0:00,07-8215791,高雄市鳳山區五甲二路758號
台北市,眼鏡,寶島眼鏡-福德街,1.一般眼鏡及太陽眼鏡依定價享7折(限配整付)。  2.長戴式隱形眼鏡8折，附贈隱形眼鏡保養套一組。  備註:  1.持會員卡或員工證。  2.拋棄式隱形眼鏡、促銷與特價商品、特殊品牌、藥水及訂製片除外。,2019/7/9 0:00,02-27281848,台北市信義區褔德街1號
台北市,眼鏡,寶島眼鏡-土城中央路,1.一般眼鏡及太陽眼鏡依定價享7折(限配整付)。  2.長戴式隱形眼鏡8折，附贈隱形眼鏡保養套一組。  備註:  1.持會員卡或員工證。  2.拋棄式隱形眼鏡、促銷與特價商品、特殊品牌、藥水及訂製片除外。,2019/7/10 0:00,02-22632727,新北市土城區中央路二段150號
台中市,眼鏡,寶島眼鏡-清水,1.一般眼鏡及太陽眼鏡依定價享7折(限配整付)。  2.長戴式隱形眼鏡8折，附贈隱形眼鏡保養套一組。  備註:  1.持會員卡或員工證。  2.拋棄式隱形眼鏡、促銷與特價商品、特殊品牌、藥水及訂製片除外。,2019/7/11 0:00,04-26221234,台中市清水區中山路188號
桃園市,眼鏡,寶島眼鏡-桃園中正路(二),1.一般眼鏡及太陽眼鏡依定價享7折(限配整付)  2.長戴式隱形眼鏡8折，附贈隱形眼鏡保養套一組。  備註:  1.持會員卡或員工證  2.拋棄式隱形眼鏡、促銷與特價商品、特殊品牌、藥水及訂製片除外。,2019/7/12 0:00,03-3359848,桃園市中正路128號
新北市,眼鏡,寶島眼鏡-新莊中正路,1.一般眼鏡及太陽眼鏡依定價享7折(限配整付)  2.長戴式隱形眼鏡8折，附贈隱形眼鏡保養套一組。  備註:  1.持會員卡或員工證  2.拋棄式隱形眼鏡、促銷與特價商品、特殊品牌、藥水及訂製片除外。,2019/7/13 0:00,02-29926611,新北市新莊區中正路224號
新北市,眼鏡,寶島眼鏡-永和智光,1.一般眼鏡及太陽眼鏡依定價享7折(限配整付)  2.長戴式隱形眼鏡8折，附贈隱形眼鏡保養套一組。  備註:  1.持會員卡或員工證  2.拋棄式隱形眼鏡、促銷與特價商品、特殊品牌、藥水及訂製片除外。,2019/7/14 0:00,02-29413906,新北市永和區中正路148號
台中市,眼鏡,寶島眼鏡-沙鹿,1.一般眼鏡及太陽眼鏡依定價享7折(限配整付)  2.長戴式隱形眼鏡8折，附贈隱形眼鏡保養套一組。  備註:  1.持會員卡或員工證  2.拋棄式隱形眼鏡、促銷與特價商品、特殊品牌、藥水及訂製片除外。,2019/7/15 0:00,04-26621234,台中市沙鹿區中山路247號
台南市,眼鏡,寶島眼鏡-台南新營,1.一般眼鏡及太陽眼鏡依定價享7折(限配整付)  2.長戴式隱形眼鏡8折，附贈隱形眼鏡保養套一組。  備註:  1.持會員卡或員工證  2.拋棄式隱形眼鏡、促銷與特價商品、特殊品牌、藥水及訂製片除外。,2019/7/16 0:00,06-6358466,台南市新營區延平路7號
台中市,眼鏡,寶島眼鏡-台中工學路,1.一般眼鏡及太陽眼鏡依定價享7折(限配整付)  2.長戴式隱形眼鏡8折，附贈隱形眼鏡保養套一組。  備註:  1.持會員卡或員工證  2.拋棄式隱形眼鏡、促銷與特價商品、特殊品牌、藥水及訂製片除外。,2019/7/17 0:00,04-22630099,台中市南區復興路二段12號
台北市,眼鏡,寶島眼鏡-八德路,1.一般眼鏡及太陽眼鏡依定價享7折(限配整付)。  2.長戴式隱形眼鏡8折，附贈隱形眼鏡保養套一組。  備註:  1.持會員卡或員工證。  2.拋棄式隱形眼鏡、促銷與特價商品、特殊品牌、藥水及訂製片除外。,2019/7/18 0:00,02-25787119,台北市松山區八德路三段174號1樓
新北市,眼鏡,寶島眼鏡-板橋府中,1.一般眼鏡及太陽眼鏡依定價享7折(限配整付)。  2.長戴式隱形眼鏡8折，附贈隱形眼鏡保養套一組。  備註:  1.持會員卡或員工證。  2.拋棄式隱形眼鏡、促銷與特價商品、特殊品牌、藥水及訂製片除外。,2019/7/19 0:00,02-29598903,新北市板橋區中山路一段50之8號1樓
新北市,眼鏡,寶島眼鏡-板橋埔墘,1.一般眼鏡及太陽眼鏡依定價享7折(限配整付)。  2.長戴式隱形眼鏡8折，附贈隱形眼鏡保養套一組。  備註:  1.持會員卡或員工證。  2.拋棄式隱形眼鏡、促銷與特價商品、特殊品牌、藥水及訂製片除外。,2019/7/20 0:00,02-29572728,新北市板橋區中山路二段247號
新竹市,眼鏡,寶島眼鏡-新竹中正路,1.一般眼鏡及太陽眼鏡依定價享7折(限配整付)。  2.長戴式隱形眼鏡8折，附贈隱形眼鏡保養套一組。  備註:  1.持會員卡或員工證。  2.拋棄式隱形眼鏡、促銷與特價商品、特殊品牌、藥水及訂製片除外。,2019/7/21 0:00,03-5269471,新竹市東區中正路99號
台北市,眼鏡,寶島眼鏡-景美,1.一般眼鏡及太陽眼鏡依定價享7折(限配整付)。  2.長戴式隱形眼鏡8折，附贈隱形眼鏡保養套一組。  備註:  1.持會員卡或員工證。  2.拋棄式隱形眼鏡、促銷與特價商品、特殊品牌、藥水及訂製片除外。,2019/7/22 0:00,02-29311589,台北市文山區景文街62號
雲林縣,眼鏡,寶島眼鏡-虎尾中正路,1.一般眼鏡及太陽眼鏡依定價享7折(限配整付)。  2.長戴式隱形眼鏡8折，附贈隱形眼鏡保養套一組。  備註:  1.持會員卡或員工證。  2.拋棄式隱形眼鏡、促銷與特價商品、特殊品牌、藥水及訂製片除外。,2019/7/23 0:00,05-6335396,雲林縣虎尾鎮中正路51號
台中市,眼鏡,寶島眼鏡-大甲,1.一般眼鏡及太陽眼鏡依定價享7折(限配整付)。  2.長戴式隱形眼鏡8折，附贈隱形眼鏡保養套一組。  備註:  1.持會員卡或員工證。  2.拋棄式隱形眼鏡、促銷與特價商品、特殊品牌、藥水及訂製片除外。,2019/7/24 0:00,04-26868838,台中市大甲區光明路132之1號
新北市,眼鏡,寶島眼鏡-永和永和路,1.一般眼鏡及太陽眼鏡依定價享7折(限配整付)。  2.長戴式隱形眼鏡8折，附贈隱形眼鏡保養套一組。  備註:  1.持會員卡或員工證。  2.拋棄式隱形眼鏡、促銷與特價商品、特殊品牌、藥水及訂製片除外。,2019/7/25 0:00,02-29235217,新北市永和區永和路一段168號
台北市,眼鏡,寶島眼鏡-北投,1.一般眼鏡及太陽眼鏡依定價享7折(限配整付)。  2.長戴式隱形眼鏡8折，附贈隱形眼鏡保養套一組。  備註:  1.持會員卡或員工證。  2.拋棄式隱形眼鏡、促銷與特價商品、特殊品牌、藥水及訂製片除外。,2019/7/26 0:00,02-28940206,台北市北投區光明路116號
台南市,眼鏡,寶島眼鏡-台南中正路,1.一般眼鏡及太陽眼鏡依定價享7折(限配整付)  2.長戴式隱形眼鏡8折，附贈隱形眼鏡保養套一組。  備註:  1.持會員卡或員工證  2.拋棄式隱形眼鏡、促銷與特價商品、特殊品牌、藥水及訂製片除外。,2019/7/27 0:00,06-2207177,台南市中西區中正路77號
高雄市,眼鏡,寶島眼鏡-高雄大勇路,1.一般眼鏡及太陽眼鏡依定價享7折(限配整付)  2.長戴式隱形眼鏡8折，附贈隱形眼鏡保養套一組。  備註:  1.持會員卡或員工證  2.拋棄式隱形眼鏡、促銷與特價商品、特殊品牌、藥水及訂製片除外。,2019/7/28 0:00,07-5617505,高雄市鹽埕區大勇路67號
桃園市,眼鏡,寶島眼鏡-中壢大同路,1.一般眼鏡及太陽眼鏡依定價享7折(限配整付)  2.長戴式隱形眼鏡8折，附贈隱形眼鏡保養套一組。  備註:  1.持會員卡或員工證  2.拋棄式隱形眼鏡、促銷與特價商品、特殊品牌、藥水及訂製片除外。,2019/7/29 0:00,03-4250465,桃園市中壢區大同路163號
台北市,眼鏡,寶島眼鏡-東門,1.一般眼鏡及太陽眼鏡依定價享7折(限配整付)  2.長戴式隱形眼鏡8折，附贈隱形眼鏡保養套一組。  備註:  1.持會員卡或員工證  2.拋棄式隱形眼鏡、促銷與特價商品、特殊品牌、藥水及訂製片除外。,2019/7/30 0:00,02-23929432,台北市大安區金山南路二段4號
新竹市,眼鏡,寶島眼鏡-新竹北大路,1.一般眼鏡及太陽眼鏡依定價享7折(限配整付)  2.長戴式隱形眼鏡8折，附贈隱形眼鏡保養套一組。  備註:  1.持會員卡或員工證  2.拋棄式隱形眼鏡、促銷與特價商品、特殊品牌、藥水及訂製片除外。,2019/7/31 0:00,03-5269353,新竹市北區北大路319號
屏東縣,眼鏡,寶島眼鏡-屏東潮洲,1.一般眼鏡及太陽眼鏡依定價享7折(限配整付)  2.長戴式隱形眼鏡8折，附贈隱形眼鏡保養套一組。  備註:  1.持會員卡或員工證  2.拋棄式隱形眼鏡、促銷與特價商品、特殊品牌、藥水及訂製片除外。,2019/8/1 0:00,08-7882128,屏東縣潮州鎮中山路161號
嘉義市,眼鏡,寶島眼鏡-嘉義圓環,1.一般眼鏡及太陽眼鏡依定價享7折(限配整付)  2.長戴式隱形眼鏡8折，附贈隱形眼鏡保養套一組。  備註:  1.持會員卡或員工證  2.拋棄式隱形眼鏡、促銷與特價商品、特殊品牌、藥水及訂製片除外。,2019/8/2 0:00,05-2252960,嘉義市東區中央里文化路186號
台北市,眼鏡,寶島眼鏡-士林文林路,1.一般眼鏡及太陽眼鏡依定價享7折(限配整付)  2.長戴式隱形眼鏡8折，附贈隱形眼鏡保養套一組。  備註:  1.持會員卡或員工證  2.拋棄式隱形眼鏡、促銷與特價商品、特殊品牌、藥水及訂製片除外。,2019/8/3 0:00,02-28828282,台北市士林區文林路134號
屏東縣,眼鏡,寶島眼鏡-屏東民生路,1.一般眼鏡及太陽眼鏡依定價享7折(限配整付)  2.長戴式隱形眼鏡8折，附贈隱形眼鏡保養套一組。  備註:  1.持會員卡或員工證  2.拋棄式隱形眼鏡、促銷與特價商品、特殊品牌、藥水及訂製片除外。,2019/8/4 0:00,08-7329256,屏東縣屏東市民生路298號
宜蘭縣,眼鏡,寶島眼鏡-羅東中正路,1.一般眼鏡及太陽眼鏡依定價享7折(限配整付)  2.長戴式隱形眼鏡8折，附贈隱形眼鏡保養套一組。  備註:  1.持會員卡或員工證  2.拋棄式隱形眼鏡、促銷與特價商品、特殊品牌、藥水及訂製片除外。,2019/8/5 0:00,039-550456,宜蘭縣羅東鎮中正路99號
高雄市,眼鏡,寶島眼鏡-高雄旗山,1.一般眼鏡及太陽眼鏡依定價享7折(限配整付)。  2.長戴式隱形眼鏡8折，附贈隱形眼鏡保養套一組。  備註:  1.持會員卡或員工證。  2.拋棄式隱形眼鏡、促銷與特價商品、特殊品牌、藥水及訂製片除外。,2019/8/6 0:00,07-6614759,高雄市旗山區大德里延平一路619號
台北市,眼鏡,寶島眼鏡-天母,1.一般眼鏡及太陽眼鏡依定價享7折(限配整付)。  2.長戴式隱形眼鏡8折，附贈隱形眼鏡保養套一組。  備註:  1.持會員卡或員工證。  2.拋棄式隱形眼鏡、促銷與特價商品、特殊品牌、藥水及訂製片除外。,2019/8/7 0:00,02-28712835,台北市士林區天母東路1～3號
新北市,眼鏡,寶島眼鏡-新店北新路,1.一般眼鏡及太陽眼鏡依定價享7折(限配整付)。  2.長戴式隱形眼鏡8折，附贈隱形眼鏡保養套一組。  備註:  1.持會員卡或員工證。  2.拋棄式隱形眼鏡、促銷與特價商品、特殊品牌、藥水及訂製片除外。,2019/8/8 0:00,02-29142665,新北市新店區北新路二段75號
台北市,眼鏡,寶島眼鏡-長安東路,1.一般眼鏡及太陽眼鏡依定價享7折(限配整付)。  2.長戴式隱形眼鏡8折，附贈隱形眼鏡保養套一組。  備註:  1.持會員卡或員工證。  2.拋棄式隱形眼鏡、促銷與特價商品、特殊品牌、藥水及訂製片除外。,2019/8/9 0:00,02-27772411,台北市中山區長安東路二段189之2號
台中市,眼鏡,寶島眼鏡-台中中正路,1.一般眼鏡及太陽眼鏡依定價享7折(限配整付)。  2.長戴式隱形眼鏡8折，附贈隱形眼鏡保養套一組。  備註:  1.持會員卡或員工證。  2.拋棄式隱形眼鏡、促銷與特價商品、特殊品牌、藥水及訂製片除外。,2019/8/10 0:00,04-22263918,台中市中區台灣大道一段188號
桃園市,眼鏡,寶島眼鏡-桃園大園,1.一般眼鏡及太陽眼鏡依定價享7折(限配整付)。  2.長戴式隱形眼鏡8折，附贈隱形眼鏡保養套一組。  備註:  1.持會員卡或員工證。  2.拋棄式隱形眼鏡、促銷與特價商品、特殊品牌、藥水及訂製片除外。,2019/8/11 0:00,03-3842345,桃園市大園區中山北路4號
新竹縣,溫泉住宿,石上湯屋,1.住宿依原價:平日64折+10%，旺日72折+10%，假日8折+10%。(平日於11~3月為週一至週四，於4~10月為週日至週五；旺日為週五及週日或休假日前一日及最後一日；假日為週六或連續假日)  2.泡湯依原價:平日64折，假日8折。(平日為週一至週五；假日為週六或連續假日)  備註:  1.持會員卡或員工證。  2.元旦假期與農曆春節不適用。,2019/8/12 0:00,03-5842605,新竹縣尖石鄉嘉樂村7鄰45號
高雄市,食品行,呷百二自然洋?子-三多店,呷百二商品定價9折【持會員卡或員工證】,2019/8/13 0:00,07-5352120,高雄市苓雅區三多三路264號
高雄市,食品行,呷百二自然洋?子-鳳山店,呷百二商品定價9折【持會員卡或員工證】,2019/8/14 0:00,07-7993120,高雄市鳳山區光遠路280號
高雄市,食品行,呷百二自然洋?子-自由總店,呷百二商品定價9折【持會員卡或員工證】,2019/8/15 0:00,07-5560279,高雄市左營區自由二路415號
高雄市,食品行,呷百二自然洋?子-文山店,呷百二商品定價9折【持會員卡或員工證】,2019/8/16 0:00,07-7678754,高雄市鳳山區文鳳路16號
高雄市,食品行,呷百二自然洋?子-漢神巨蛋店,呷百二商品定價9折【持會員卡或員工證】,2019/8/17 0:00,07-5539310,高雄市左營區博愛二路777號B1
高雄市,咖啡簡餐,品皇咖啡-高雄建國店,咖啡器具商品全面85折【持會員卡或員工證】,2019/8/18 0:00,07-7242345,高雄市建國一路139-8號
台南市,其他,車之輪汽車百貨-永華門市,1.百貨商品:9折(折價品除外)  2.冷氣、引擎、底盤及音響健診:免費  3.輪胎氮氣填充、對調平衡及補胎:免費  備註:【持會員卡或員工證】,2019/8/19 0:00,06-2990139,台南市安平區永華路二段433號
台南市,其他,車之輪汽車百貨-永大門市,1.百貨商品:9折(折價品除外)  2.冷氣、引擎、底盤及音響健診:免費  3.輪胎氮氣填充、對調平衡及補胎:免費  備註:【持會員卡或員工證】,2019/8/20 0:00,06-2037375,台南市永康區永大路二段655號
台南市,其他,車之輪汽車百貨-永康門市,1.百貨商品:9折(折價品除外)  2.冷氣、引擎、底盤及音響健診:免費  3.輪胎氮氣填充、對調平衡及補胎:免費  備註:【持會員卡或員工證】,2019/8/21 0:00,06-2426969,台南市永康區中正南路633號
嘉義市,其他,車之輪汽車百貨-嘉西門市,1.百貨商品:9折(折價品除外)  2.冷氣、引擎、底盤及音響健診:免費  3.輪胎氮氣填充、對調平衡及補胎:免費  備註:【持會員卡或員工證】,2019/8/22 0:00,05-2813939,嘉義市西區北港路303號
高雄市,其他,車之輪汽車百貨-民權門市,1.百貨商品:9折(折價品除外)  2.冷氣、引擎、底盤及音響健診:免費  3.輪胎氮氣填充、對調平衡及補胎:免費  備註:【持會員卡或員工證】,2019/8/23 0:00,07-3343789,高雄市前鎮區一心一路291號
台南市,其他,車之輪汽車百貨-中華門市,1.百貨商品:9折(折價品除外)  2.冷氣、引擎、底盤及音響健診:免費  3.輪胎氮氣填充、對調平衡及補胎:免費  備註:【持會員卡或員工證】,2019/8/24 0:00,06-2896898,台南市東區中華東路三段235號
雲林縣,其他,車之輪汽車百貨-斗南門市,1.百貨商品:9折(折價品除外)  2.冷氣、引擎、底盤及音響健診:免費  3.輪胎氮氣填充、對調平衡及補胎:免費  備註:【持會員卡或員工證】,2019/8/25 0:00,05-5952108,雲林縣斗南鎮延平路二段6號
台南市,其他,車之輪汽車百貨-歸仁門市,1.百貨商品:9折(折價品除外)  2.冷氣、引擎、底盤及音響健診:免費  3.輪胎氮氣填充、對調平衡及補胎:免費  備註:【持會員卡或員工證】,2019/8/26 0:00,06-2309358,台南市歸仁區中山路3段666號
高雄市,其他,車之輪汽車百貨-岡山門市,1.百貨商品:9折(折價品除外)  2.冷氣、引擎、底盤及音響健診:免費  3.輪胎氮氣填充、對調平衡及補胎:免費  備註:【持會員卡或員工證】,2019/8/27 0:00,07-6245886,高雄市岡山區岡山北路26號
高雄市,其他,車之輪汽車百貨-高鳳門市,1.百貨商品:9折(折價品除外)  2.冷氣、引擎、底盤及音響健診:免費  3.輪胎氮氣填充、對調平衡及補胎:免費  備註:【持會員卡或員工證】,2019/8/28 0:00,07-7453478,高雄市苓雅區建國一路3-1號
台南市,按摩,鄧老師養生館-佳里店,單人消費滿600元以上，優惠折價100元。  備註:  1.持會員卡或員工證。  2.須現金消費，且不適用周邊商品。  3.不得與其他優惠及折價券併用。  4.春節連續假期不適用。,2019/8/29 0:00,06-7230022,台南市佳里鎮進學路48號
桃園市,按摩,鄧老師養生館-南崁店,單人消費滿600元以上，優惠折價100元。  備註:  1.持會員卡或員工證。  2.須現金消費，且不適用周邊商品。  3.不得與其他優惠及折價券併用。  4.春節連續假期不適用。,2019/8/30 0:00,03-3122266,桃園市蘆竹區中正路27號
台北市,按摩,鄧老師養生館-吉林店,單人消費滿600元以上，優惠折價100元。  備註:  1.持會員卡或員工證。  2.須現金消費，且不適用周邊商品。  3.不得與其他優惠及折價券併用。  4.春節連續假期不適用。,2019/8/31 0:00,02-25715939,台北市中山區吉林路284號
台北市,按摩,鄧老師養生館-恩主公,單人消費滿600元以上，優惠折價100元。  備註:  1.持會員卡或員工證。  2.須現金消費，且不適用周邊商品。  3.不得與其他優惠及折價券併用。  4.春節連續假期不適用。,2019/9/1 0:00,02-25412700,台北市中山區民權東路二段136號
高雄市,按摩,鄧老師養生館-五福店,單人消費滿600元以上，優惠折價100元。  備註:  1.持會員卡或員工證。  2.須現金消費，且不適用周邊商品。  3.不得與其他優惠及折價券併用。  4.春節連續假期不適用。,2019/9/2 0:00,07-2725599,高雄市前金區五福三路94號
高雄市,按摩,鄧老師養生館-六合店,單人消費滿600元以上，優惠折價100元。  備註:  1.持會員卡或員工證。  2.須現金消費，且不適用周邊商品。  3.不得與其他優惠及折價券併用。  4.春節連續假期不適用。,2019/9/3 0:00,07-2877399,高雄市新興區自立二路99號
高雄市,按摩,鄧老師養生館-裕誠店,單人消費滿600元以上，優惠折價100元。  備註:  1.持會員卡或員工證。  2.須現金消費，且不適用周邊商品。  3.不得與其他優惠及折價券併用。  4.春節連續假期不適用。,2019/9/4 0:00,07-5563077,高雄市左營區裕誠路303號2樓
高雄市,按摩,鄧老師養生館-覺民店,單人消費滿600元以上，優惠折價100元。  備註:  1.持會員卡或員工證。  2.須現金消費，且不適用周邊商品。  3.不得與其他優惠及折價券併用。  4.春節連續假期不適用。,2019/9/5 0:00,07-3827182,高雄市三民區覺民路360號
高雄市,按摩,鄧老師養生館-瑞豐店,單人消費滿600元以上，優惠折價100元。  備註:  1.持會員卡或員工證。  2.須現金消費，且不適用周邊商品。  3.不得與其他優惠及折價券併用。  4.春節連續假期不適用。,2019/9/6 0:00,07-5866025,高雄市鼓山區裕誠路1142號2樓
高雄市,按摩,鄧老師養生館-青年店,單人消費滿600元以上，優惠折價100元。  備註:  1.持會員卡或員工證。  2.須現金消費，且不適用周邊商品。  3.不得與其他優惠及折價券併用。  4.春節連續假期不適用。,2019/9/7 0:00,07-7806288,高雄市鳳山區青年路二段458號
屏東縣,按摩,鄧老師養生館-恆春店,單人消費滿600元以上，優惠折價100元。  備註:  1.持會員卡或員工證。  2.須現金消費，且不適用周邊商品。  3.不得與其他優惠及折價券併用。  4.春節連續假期不適用。,2019/9/8 0:00,08-8882626,屏東縣恆春鎮恆南路140之6號
台南市,按摩,鄧老師養生館-永華店,單人消費滿600元以上，優惠折價100元。  備註:  1.持會員卡或員工證。  2.須現金消費，且不適用周邊商品。  3.不得與其他優惠及折價券併用。  4.春節連續假期不適用。,2019/9/9 0:00,06-2980580,台南市中西區永華路一段290號
台南市,按摩,鄧老師養生館-小北店,單人消費滿600元以上，優惠折價100元。  備註:  1.持會員卡或員工證。  2.須現金消費，且不適用周邊商品。  3.不得與其他優惠及折價券併用。  4.春節連續假期不適用。,2019/9/10 0:00,06-2520877,台南市北區西門路四段340號
台南市,按摩,鄧老師養生館-長榮店,單人消費滿600元以上，優惠折價100元。  備註:  1.持會員卡或員工證。  2.須現金消費，且不適用周邊商品。  3.不得與其他優惠及折價券併用。  4.春節連續假期不適用。,2019/9/11 0:00,06-2087999,台南市東區長榮路二段318號
台北市,按摩,鄧老師養生館-大直店,單人消費滿600元以上，優惠折價100元。  備註:  1.持會員卡或員工證。  2.須現金消費，且不適用周邊商品。  3.不得與其他優惠及折價券併用。  4.春節連續假期不適用。,2019/9/12 0:00,02-85020352,台北市中山區敬業三路157號
新北市,按摩,鄧老師養生館-板橋店,單人消費滿600元以上，優惠折價100元。  備註:  1.持會員卡或員工證。  2.須現金消費，且不適用周邊商品。  3.不得與其他優惠及折價券併用。  4.春節連續假期不適用。,2019/9/13 0:00,02-29698585,新北市板橋區新興路1號2樓
高雄市,按摩,鄧老師養生館-一心店,單人消費滿600元以上，優惠折價100元。  備註:  1.持會員卡或員工證。  2.須現金消費，且不適用周邊商品。  3.不得與其他優惠及折價券併用。  4.春節連續假期不適用。,2019/9/14 0:00,07-3319899,高雄市前鎮區一心一路239號
高雄市,按摩,鄧老師養生館-大順店,單人消費滿600元以上，優惠折價100元。  備註:  1.持會員卡或員工證。  2.須現金消費，且不適用周邊商品。  3.不得與其他優惠及折價券併用。  4.春節連續假期不適用。,2019/9/15 0:00,07-7277666,高雄市苓雅區大順三路164號
屏東縣,按摩,鄧老師養生館-墾丁店,單人消費滿600元以上，優惠折價100元。  備註:  1.持會員卡或員工證。  2.須現金消費，且不適用周邊商品。  3.不得與其他優惠及折價券併用。  4.春節連續假期不適用。,2019/9/16 0:00,08-8856839,屏東縣恆春鎮墾丁路251號
基隆市,按摩,鄧老師養生館-基隆店,單人消費滿600元以上，優惠折價100元。  備註:  1.持會員卡或員工證。  2.須現金消費，且不適用周邊商品。  3.不得與其他優惠及折價券併用。  4.春節連續假期不適用。,2019/9/17 0:00,02-24253099,基隆市仁愛區忠一路8號3樓
